{"name": "Bachelor of Science in Public Affairs", "abbreviation": "Public Affairs (BS)", "minimum_credit_hours": "120", "subtype": "major", "requirements": [{"type": "collection", "name": "II. Major Requirements: 57 semester credit hours", "required": 14, "options": [{"name": "Choose one", "type": "collection", "required": 2, "courses": [{"type": "course", "class_reference": "ECON 2301"}, {"type": "course", "class_reference": "ECON 2302"}]}, {"type": "course", "class_reference": "EPPS 2301"}, {"type": "course", "class_reference": "EPPS 2302"}, {"type": "course", "class_reference": "PA 2325"}, {"type": "course", "class_reference": "PA 3306"}, {"type": "course", "class_reference": "PA 3310"}, {"type": "course", "class_reference": "PA 3333"}, {"type": "course", "class_reference": "PA 3378"}, {"type": "course", "class_reference": "PA 3380"}, {"type": "course", "class_reference": "PA 4355"}, {"type": "course", "class_reference": "PA 4370"}, {"type": "course", "class_reference": "PA 4390"}, {"type": "other", "required": 0, "description": "30 semester credit hours of Major and Related electives6"}, {"name": "15 semester credit hours of which must come from the following:", "type": "collection", "required": 5.0, "courses": [{"type": "course", "class_reference": "PA 3314"}, {"type": "course", "class_reference": "PA 3379"}, {"type": "course", "class_reference": "PA 3382"}, {"type": "course", "class_reference": "PA 4345"}, {"type": "course", "class_reference": "PA 4351"}, {"type": "course", "class_reference": "PA 4350"}, {"type": "course", "class_reference": "PA 4386"}]}]}]}