{
  "name": "Bachelor of Arts or Bachelor of Science in Biology",
  "abbreviation": null,
  "minimum_credit_hours": "120",
  "subtype": "major",
  "requirements": [
    {
      "type": "collection",
      "name": "II. Major Requirements: 53 - 62 semester credit hours beyond Core Curriculum (53-56 for BA; 59-62 for BS)",
      "required": 28,
      "options": [
        {
          "name": "Choose one",
          "type": "collection",
          "required": 2,
          "courses": [
            { "type": "course", "class_reference": "CHEM 1311" },
            { "type": "course", "class_reference": "CHEM 1315" }
          ]
        },
        {
          "name": "Choose one",
          "type": "collection",
          "required": 2,
          "courses": [
            { "type": "course", "class_reference": "CHEM 1111" },
            { "type": "course", "class_reference": "CHEM 1115" }
          ]
        },
        {
          "name": "Choose one",
          "type": "collection",
          "required": 2,
          "courses": [
            { "type": "course", "class_reference": "CHEM 1312" },
            { "type": "course", "class_reference": "CHEM 1316" }
          ]
        },
        {
          "name": "Choose one",
          "type": "collection",
          "required": 2,
          "courses": [
            { "type": "course", "class_reference": "CHEM 1112" },
            { "type": "course", "class_reference": "CHEM 1116" }
          ]
        },
        { "type": "course", "class_reference": "CHEM 2323" },
        { "type": "course", "class_reference": "CHEM 2123" },
        { "type": "course", "class_reference": "CHEM 2325" },
        { "type": "course", "class_reference": "CHEM 2125" },
        {
          "name": "Choose one",
          "type": "collection",
          "required": 3,
          "courses": [
            { "type": "course", "class_reference": "MATH 2413" },
            { "type": "course", "class_reference": "MATH 2417" },
            { "type": "course", "class_reference": "MATH 1325" }
          ]
        },
        {
          "name": "Choose one",
          "type": "collection",
          "required": 3,
          "courses": [
            { "type": "course", "class_reference": "PHYS 2325" },
            { "type": "course", "class_reference": "PHYS 2421" },
            { "type": "course", "class_reference": "PHYS 1301" }
          ]
        },
        {
          "name": "Choose one",
          "type": "collection",
          "required": 3,
          "courses": [
            { "type": "course", "class_reference": "PHYS 2326" },
            { "type": "course", "class_reference": "PHYS 2422" },
            { "type": "course", "class_reference": "PHYS 1302" }
          ]
        },
        { "type": "course", "class_reference": "BIOL 2281" },
        { "type": "course", "class_reference": "BIOL 2111" },
        { "type": "course", "class_reference": "BIOL 2112" },
        { "type": "course", "class_reference": "BIOL 2311" },
        { "type": "course", "class_reference": "BIOL 2312" },
        { "type": "course", "class_reference": "BIOL 3101" },
        { "type": "course", "class_reference": "BIOL 3102" },
        { "type": "course", "class_reference": "BIOL 3161" },
        { "type": "course", "class_reference": "BIOL 3162" },
        { "type": "course", "class_reference": "BIOL 3301" },
        { "type": "course", "class_reference": "BIOL 3302" },
        { "type": "course", "class_reference": "BIOL 3361" },
        {
          "name": "Choose one",
          "type": "collection",
          "required": 2,
          "courses": [
            { "type": "course", "class_reference": "BIOL 3362" },
            { "type": "course", "class_reference": "BIOL 3335" }
          ]
        },
        { "type": "course", "class_reference": "BIOL 3380" },
        { "type": "course", "class_reference": "BIOL 4380" },
        {
          "type": "other",
          "required": 0,
          "description": "9 semester credit hours of upper-division BIOL electives\u00a0\u00a0\u00a0(BA only)"
        },
        {
          "type": "other",
          "required": 0,
          "description": "12 semester credit hours of upper-division BIOL electives\u00a0\u00a0\u00a0(BS only)"
        }
      ]
    }
  ]
}
