{"name": "Bachelor of Arts in Political Science", "abbreviation": "Political Science (BA)", "minimum_credit_hours": "120", "subtype": "major", "requirements": [{"type": "collection", "name": "II. Major Requirements: 57 semester credit hours", "required": 6, "options": [{"type": "course", "class_reference": "GOVT 2305"}, {"type": "course", "class_reference": "GOVT 2306"}, {"type": "course", "class_reference": "EPPS 2302"}, {"name": "Required Core Courses: 6 semester credit hours", "type": "collection", "required": 0, "courses": [{"type": "course", "class_reference": "PSCI 3322"}, {"type": "course", "class_reference": "PSCI 3333"}]}, {"name": "Choose three courses from the following: 9 semester credit hours", "type": "collection", "required": 0, "courses": [{"type": "course", "class_reference": "PSCI 3301"}, {"type": "course", "class_reference": "PSCI 3328"}, {"type": "course", "class_reference": "PSCI 3350"}, {"type": "course", "class_reference": "PSCI 4329"}, {"type": "course", "class_reference": "PSCI 3362"}]}, {"type": "other", "required": 0, "description": "42 semester credit hours Major and Related electives4"}]}]}