{"name": "Bachelor of Arts in Arts, Technology, and Emerging Communication with Animation and Games Concentration", "abbreviation": "Arts, Technology, and Emerging Communication with Animation and Games Concentration (BA)", "minimum_credit_hours": "120", "subtype": "major", "requirements": [{"type": "collection", "name": "II. Major Requirements, Lower-Division: 24 semester credit hours", "required": 8, "options": [{"type": "course", "class_reference": "ATCM 2300"}, {"type": "course", "class_reference": "ATCM 2301"}, {"type": "course", "class_reference": "ATCM 2302"}, {"type": "course", "class_reference": "CS 1335"}, {"type": "course", "class_reference": "ATCM 2303"}, {"type": "course", "class_reference": "ATCM 2310"}, {"name": "Choose one from the following:", "type": "collection", "required": 1, "courses": [{"type": "course", "class_reference": "ATCM 2321"}, {"type": "course", "class_reference": "ATCM 2330"}, {"type": "course", "class_reference": "ATCM 2345"}, {"type": "course", "class_reference": "ATCM 2350"}, {"type": "course", "class_reference": "ATCM 2355"}]}, {"name": "Choose one from the following:", "type": "collection", "required": 1, "courses": [{"type": "course", "class_reference": "ATCM 2315"}, {"type": "course", "class_reference": "ATCM 2375"}]}]}, {"type": "collection", "name": "III. Major Requirements, Upper-Division: 24 semester credit hours", "required": 4, "options": [{"name": "Choose five from the following: (At least 2 must be 4000 level)", "type": "collection", "required": 0, "courses": [{"type": "course", "class_reference": "ATCM 3305"}, {"type": "course", "class_reference": "ATCM 3306"}, {"type": "course", "class_reference": "ATCM 3307"}, {"type": "course", "class_reference": "ATCM 3308"}, {"type": "course", "class_reference": "ATCM 3312"}, {"type": "course", "class_reference": "ATCM 3338"}, {"type": "course", "class_reference": "ATCM 3365"}, {"type": "course", "class_reference": "ATCM 3367"}, {"type": "course", "class_reference": "ATCM 3370"}, {"type": "course", "class_reference": "ATCM 4305"}, {"type": "course", "class_reference": "ATCM 4306"}, {"type": "course", "class_reference": "ATCM 4307"}, {"type": "course", "class_reference": "ATCM 4308"}, {"type": "course", "class_reference": "ATCM 4338"}, {"type": "course", "class_reference": "ATCM 4365"}, {"type": "course", "class_reference": "ATCM 4367"}, {"type": "course", "class_reference": "ATCM 4370"}]}, {"name": "Choose one from the following:", "type": "collection", "required": 1, "courses": [{"type": "course", "class_reference": "ATCM 3315"}, {"type": "course", "class_reference": "ATCM 3366"}]}, {"name": "Choose one from the following:", "type": "collection", "required": 1, "courses": [{"type": "course", "class_reference": "ATCM 3311"}, {"type": "course", "class_reference": "ATCM 3368"}, {"type": "course", "class_reference": "CS 3360"}]}, {"name": "Choose one from the following:", "type": "collection", "required": 1, "courses": [{"type": "course", "class_reference": "ATCM 4397"}, {"type": "course", "class_reference": "ATCM 4398"}, {"type": "course", "class_reference": "ATCM 4399"}]}]}]}