{"name": "Bachelor of Science in Economics and Finance (Double Major)", "abbreviation": "Economics and Finance (Double Major) (BS)", "minimum_credit_hours": "128", "subtype": "major", "requirements": [{"type": "collection", "name": "II. Major Requirements: 69 semester credit hours8", "required": 28, "options": [{"type": "course", "class_reference": "ACCT 2301"}, {"type": "course", "class_reference": "ACCT 2302"}, {"type": "course", "class_reference": "BLAW 2301"}, {"type": "course", "class_reference": "ECON 2301"}, {"type": "course", "class_reference": "ECON 2302"}, {"type": "course", "class_reference": "MATH 1325"}, {"type": "course", "class_reference": "MATH 1326"}, {"name": "Choose one", "type": "collection", "required": 2, "courses": [{"type": "course", "class_reference": "MATH 2333"}, {"type": "course", "class_reference": "OPRE 3333"}]}, {"name": "Choose one", "type": "collection", "required": 2, "courses": [{"type": "course", "class_reference": "OPRE 3360"}, {"type": "course", "class_reference": "STAT 3360"}]}, {"name": "Choose one", "type": "collection", "required": 2, "courses": [{"type": "course", "class_reference": "BCOM 1300"}, {"type": "course", "class_reference": "BCOM 3300"}]}, {"type": "course", "class_reference": "BCOM 4300"}, {"type": "course", "class_reference": "IMS 3310"}, {"type": "course", "class_reference": "FIN 3320"}, {"type": "course", "class_reference": "FIN 3330"}, {"type": "course", "class_reference": "ITSS 3300"}, {"type": "course", "class_reference": "OPRE 3310"}, {"name": "Choose one", "type": "collection", "required": 2, "courses": [{"type": "course", "class_reference": "OBHR 3310"}, {"type": "course", "class_reference": "OBHR 3330"}]}, {"type": "course", "class_reference": "MKT 3300"}, {"type": "course", "class_reference": "FIN 3390"}, {"type": "course", "class_reference": "BPS 4305"}, {"type": "course", "class_reference": "FIN 4310"}, {"type": "course", "class_reference": "ECON 3310"}, {"type": "course", "class_reference": "ECON 3311"}, {"type": "course", "class_reference": "ECON 4351"}, {"type": "course", "class_reference": "ECON 4355"}, {"type": "course", "class_reference": "FIN 4300"}, {"name": "Choose one", "type": "collection", "required": 6, "courses": [{"type": "course", "class_reference": "FIN 4395"}, {"type": "course", "class_reference": "FIN 4328"}, {"type": "course", "class_reference": "FIN 4333"}, {"type": "course", "class_reference": "FIN 4380"}, {"type": "course", "class_reference": "BPS 4395"}, {"type": "course", "class_reference": "ENTP 4395"}]}, {"type": "other", "description": "NOTE: Course prerequisites must be met."}]}]}