{"name": "Bachelor of Science in Child Learning and Development", "abbreviation": "Child Learning and Development (BS)", "minimum_credit_hours": "120", "subtype": "major", "requirements": [{"type": "collection", "name": "II. Major Requirements: 36 semester credit hours", "required": 11, "options": [{"type": "course", "class_reference": "PSY 2301"}, {"name": "Choose one", "type": "collection", "required": 3, "courses": [{"type": "course", "class_reference": "PSY 2317"}, {"type": "course", "class_reference": "STAT 1342"}, {"type": "course", "class_reference": "STAT 2332"}]}, {"name": "Choose one", "type": "collection", "required": 2, "courses": [{"type": "course", "class_reference": "CLDP 3303"}, {"type": "course", "class_reference": "CLDP 3305"}]}, {"name": "Choose one", "type": "collection", "required": 2, "courses": [{"type": "course", "class_reference": "CLDP 3310"}, {"type": "course", "class_reference": "CLDP 3339"}]}, {"type": "course", "class_reference": "CLDP 3332"}, {"name": "Choose one", "type": "collection", "required": 2, "courses": [{"type": "course", "class_reference": "CLDP 3342"}, {"type": "course", "class_reference": "CLDP 4344"}]}, {"name": "Choose one", "type": "collection", "required": 2, "courses": [{"type": "course", "class_reference": "CLDP 3362"}, {"type": "course", "class_reference": "CLDP 3365"}]}, {"type": "course", "class_reference": "PSY 3392"}, {"type": "course", "class_reference": "CLDP 3394"}, {"name": "Guided Electives: 3 semester credit hours of one of the following:", "type": "collection", "required": 9, "courses": [{"type": "course", "class_reference": "CLDP 4394"}, {"type": "other", "description": "or BBSU 3310 Community-Based Service Learning"}, {"type": "course", "class_reference": "CLDP 4390"}, {"type": "course", "class_reference": "CLDP 4391"}, {"type": "course", "class_reference": "CLDP 4395"}, {"type": "course", "class_reference": "CLDP 4397"}, {"type": "course", "class_reference": "CLDP 4V96"}, {"type": "course", "class_reference": "CLDP 4V98"}, {"type": "course", "class_reference": "CLDP 4V99"}]}, {"type": "other", "required": 0, "description": "Plus 12 semester credit hours of courses with CLDP prefix or any of the following courses: CGS 3342, CGS 4314, CGS 4315, CGS 4352, CGS 4353, ED 4352, ED 4363, ED 4357, NSC 4352, NSC 4353, NSC 4354, NSC 4367, PSY 3331, PSY 3333, PSY 3361, PSY 4331, PSY 4343, PSY 4359, PSY 4362, PSY 4364, PSY 4373, SPAU 3301, SPAU 3304, SPAU 3340, SPAU 3343, SPAU 3344, SPAU 3345 or SPAU 4308."}]}]}