{"name": "Bachelor of Science in Software Engineering", "abbreviation": "Software Engineering (BS)", "minimum_credit_hours": "123", "subtype": "major", "requirements": [{"type": "collection", "name": "II. Major Requirements: 74 semester credit hours", "required": 78, "options": [{"type": "course", "class_reference": "ECS 1100"}, {"type": "course", "class_reference": "CS 1200"}, {"type": "course", "class_reference": "CS 1136"}, {"type": "course", "class_reference": "CS 1336"}, {"type": "course", "class_reference": "CS 1337"}, {"type": "course", "class_reference": "CS 2305"}, {"type": "course", "class_reference": "CS 2336"}, {"name": "Choose one", "type": "collection", "required": 2, "courses": [{"type": "course", "class_reference": "MATH 2413"}, {"type": "course", "class_reference": "MATH 2417"}]}, {"name": "Choose one", "type": "collection", "required": 2, "courses": [{"type": "course", "class_reference": "MATH 2414"}, {"type": "course", "class_reference": "MATH 2419"}]}, {"type": "course", "class_reference": "MATH 2418"}, {"type": "course", "class_reference": "PHYS 2125"}, {"type": "course", "class_reference": "PHYS 2126"}, {"type": "course", "class_reference": "PHYS 2325"}, {"type": "course", "class_reference": "PHYS 2326"}, {"type": "course", "class_reference": "SE 2340"}, {"type": "course", "class_reference": "SE 3162"}, {"type": "course", "class_reference": "SE 3306"}, {"type": "course", "class_reference": "SE 3341"}, {"type": "course", "class_reference": "CS 3345"}, {"type": "course", "class_reference": "CS 3354"}, {"type": "course", "class_reference": "SE 3377"}, {"type": "course", "class_reference": "ECS 3390"}, {"type": "course", "class_reference": "SE 4347"}, {"type": "course", "class_reference": "CS 4348"}, {"type": "course", "class_reference": "SE 4351"}, {"type": "course", "class_reference": "SE 4352"}, {"type": "course", "class_reference": "SE 4367"}, {"type": "course", "class_reference": "SE 4381"}, {"type": "course", "class_reference": "SE 4485"}, {"type": "other", "description": "SE guided electives are 4000 level CS/SE courses approved by the student's CS/SE advisor. The following courses may be used as guided electives without the explicit approval of an advisor:"}, {"type": "course", "class_reference": "CS 4141"}, {"type": "course", "class_reference": "CS 4314"}, {"type": "course", "class_reference": "CS 4315"}, {"type": "course", "class_reference": "CS 4334"}, {"type": "course", "class_reference": "CS 4337"}, {"type": "course", "class_reference": "CS 4341"}, {"type": "course", "class_reference": "CS 4349"}, {"type": "course", "class_reference": "CS 4352"}, {"type": "course", "class_reference": "CS 4353"}, {"type": "course", "class_reference": "CS 4361"}, {"type": "course", "class_reference": "CS 4365"}, {"type": "course", "class_reference": "CS 4375"}, {"type": "course", "class_reference": "CS 4384"}, {"type": "course", "class_reference": "CS 4386"}, {"type": "course", "class_reference": "CS 4389"}, {"type": "course", "class_reference": "CS 4390"}, {"type": "course", "class_reference": "CS 4391"}, {"type": "course", "class_reference": "CS 4392"}, {"type": "course", "class_reference": "CS 4393"}, {"type": "course", "class_reference": "CS 4394"}, {"type": "course", "class_reference": "CS 4395"}, {"type": "course", "class_reference": "CS 4396"}, {"type": "course", "class_reference": "CS 4397"}, {"type": "course", "class_reference": "CS 4398"}, {"type": "course", "class_reference": "CS 4485"}, {"type": "course", "class_reference": "EE 4325"}, {"type": "course", "class_reference": "SE 4376"}, {"type": "course", "class_reference": "SE 4399"}, {"type": "other", "required": 0, "description": "Any other organized SE 4300-level course"}, {"name": "An important aspect of Software Engineering education is the use of software engineering concepts in a particular application domain. Students should use two or three of their guided electives to complete one of the applications domains below. Additional application domains may become available. Completing an application domain may require careful scheduling since many of these classes will not be offered every semester. It is strongly encouraged that you consult with an advisor. Courses in each of the domain can be substituted by other appropriate elective courses offered in a particular semester with consent of the Computer Science Department.", "type": "collection", "required": 1, "courses": [{"type": "course", "class_reference": "Networks: 9"}, {"type": "course", "class_reference": "CS 4390"}, {"type": "course", "class_reference": "CS 4393"}, {"type": "course", "class_reference": "CS 4396"}]}, {"type": "course", "class_reference": "CS 4389"}, {"type": "course", "class_reference": "CS 4393"}, {"type": "course", "class_reference": "CS 4398"}, {"type": "course", "class_reference": "CS 4141"}, {"type": "course", "class_reference": "CS 4341"}, {"type": "course", "class_reference": "CS 4397"}, {"type": "course", "class_reference": "CS 4348"}, {"type": "course", "class_reference": "CS 4361"}, {"type": "course", "class_reference": "CS 4391"}, {"type": "course", "class_reference": "CS 4392"}, {"type": "course", "class_reference": "CS 4314"}, {"type": "course", "class_reference": "CS 4315"}, {"type": "course", "class_reference": "CS 4365"}, {"type": "course", "class_reference": "CS 4375"}, {"type": "course", "class_reference": "CS 4395"}, {"type": "course", "class_reference": "CS 4352"}, {"type": "course", "class_reference": "CS 4353"}, {"type": "course", "class_reference": "CS 4361"}]}]}