{"name": "Bachelor of Arts in Arts, Technology, and Emerging Communication with Critical Media Studies Concentration", "abbreviation": "Arts, Technology, and Emerging Communication with Critical Media Studies Concentration (BA)", "minimum_credit_hours": "120", "subtype": "major", "requirements": [{"type": "collection", "name": "II. Major Requirements, Lower-Division: 24 semester credit hours", "required": 8, "options": [{"type": "course", "class_reference": "ATCM 2300"}, {"type": "course", "class_reference": "ATCM 2301"}, {"type": "course", "class_reference": "ATCM 2302"}, {"type": "course", "class_reference": "CS 1335"}, {"type": "course", "class_reference": "ATCM 2320"}, {"type": "course", "class_reference": "ATCM 2321"}, {"type": "course", "class_reference": "ATCM 2322"}, {"type": "course", "class_reference": "ATCM 2330"}]}, {"type": "collection", "name": "III. Major Requirements, Upper-Division: 24 semester credit hours", "required": 8, "options": [{"type": "course", "class_reference": "ATCM 3320"}, {"type": "course", "class_reference": "ATCM 3321"}, {"type": "course", "class_reference": "ATCM 3325"}, {"type": "course", "class_reference": "ATCM 3331"}, {"type": "course", "class_reference": "ATCM 4320"}, {"type": "course", "class_reference": "ATCM 4326"}, {"type": "course", "class_reference": "ATCM 4330"}, {"name": "Choose one of the following:", "type": "collection", "required": 1, "courses": [{"type": "course", "class_reference": "ATCM 4397"}, {"type": "course", "class_reference": "ATCM 4398"}, {"type": "course", "class_reference": "ATCM 4399"}]}]}]}