{"name": "Bachelor of Science in Actuarial Science", "abbreviation": "Actuarial Science (BS)", "minimum_credit_hours": "120", "subtype": "major", "requirements": [{"type": "collection", "name": "II. Major Requirements: 77-78 semester credit hours", "required": 33, "options": [{"type": "course", "class_reference": "UNIV 1010"}, {"type": "course", "class_reference": "NATS 1101"}, {"type": "course", "class_reference": "ACCT 2301"}, {"type": "course", "class_reference": "ACCT 2302"}, {"type": "course", "class_reference": "BCOM 3300"}, {"type": "course", "class_reference": "CS 1336"}, {"type": "course", "class_reference": "CS 1136"}, {"name": "Choose one", "type": "collection", "required": 2, "courses": [{"type": "course", "class_reference": "CS 1337"}, {"type": "course", "class_reference": "MATH 2370"}]}, {"type": "course", "class_reference": "ECON 2301"}, {"type": "course", "class_reference": "ECON 2302"}, {"type": "course", "class_reference": "MATH 2417"}, {"type": "course", "class_reference": "MATH 2418"}, {"type": "course", "class_reference": "MATH 2419"}, {"type": "course", "class_reference": "MATH 2420"}, {"name": "Choose one", "type": "collection", "required": 4, "courses": [{"type": "course", "class_reference": "PHYS 2325"}, {"type": "course", "class_reference": "PHYS 2421"}, {"type": "course", "class_reference": "CHEM 1311"}, {"type": "course", "class_reference": "CHEM 1315"}]}, {"name": "Choose one", "type": "collection", "required": 4, "courses": [{"type": "course", "class_reference": "PHYS 2326"}, {"type": "course", "class_reference": "PHYS 2422"}, {"type": "course", "class_reference": "CHEM 1312"}, {"type": "course", "class_reference": "CHEM 1316"}]}, {"name": "Choose one", "type": "collection", "required": 3, "courses": [{"type": "course", "class_reference": "PHYS 2126"}, {"type": "course", "class_reference": "CHEM 1112"}, {"type": "course", "class_reference": "CHEM 1116"}]}, {"type": "course", "class_reference": "ACTS 4301"}, {"type": "course", "class_reference": "ACTS 4302"}, {"type": "course", "class_reference": "ACTS 4303"}, {"type": "course", "class_reference": "ACTS 4304"}, {"type": "course", "class_reference": "ACTS 4305"}, {"type": "course", "class_reference": "ACTS 4307"}, {"type": "course", "class_reference": "ACTS 4308"}, {"type": "course", "class_reference": "ACTS 4309"}, {"type": "course", "class_reference": "MATH 3351"}, {"type": "course", "class_reference": "MATH 4334"}, {"type": "course", "class_reference": "ITSS 3300"}, {"type": "course", "class_reference": "ITSS 4301"}, {"type": "course", "class_reference": "STAT 3355"}, {"type": "course", "class_reference": "STAT 4351"}, {"type": "course", "class_reference": "STAT 4352"}, {"type": "course", "class_reference": "STAT 4382"}]}]}