{"name": "Bachelor of Arts in Visual and Performing Arts with Music Concentration", "abbreviation": "Visual and Performing Arts with Music Concentration (BA)", "minimum_credit_hours": "120", "subtype": "major", "requirements": [{"type": "collection", "name": "II. Major Requirements: 65 semester credit hours beyond Core Curriculum", "required": 13, "options": [{"type": "course", "class_reference": "MUSI 2328"}, {"type": "course", "class_reference": "MUSI 2329"}, {"type": "course", "class_reference": "MUSI 2330"}, {"type": "course", "class_reference": "MUSI 2322"}, {"type": "course", "class_reference": "MUSI 3330"}, {"type": "course", "class_reference": "MUSI 3328"}, {"type": "other", "required": 0, "description": "12 semester credit hours of Applied Music courses in primary instrument or voice (at least 8 semester credit hours must be upper-level)"}, {"type": "other", "required": 0, "description": "8 semester credit hours of MUSI ensemble participation. Placement by audition"}, {"name": "15 semester credit hours of upper-level MUSI Electives", "type": "collection", "required": 5.0, "courses": [{"type": "course", "class_reference": "VPAS 4390"}]}, {"type": "course", "class_reference": "VPAS 3340"}, {"type": "course", "class_reference": "VPAS 4389"}, {"name": "Select 3 semester credit hours of Related Courses from the following:", "type": "collection", "required": 1.0, "courses": [{"type": "course", "class_reference": "ARHM 3342"}, {"type": "course", "class_reference": "VPAS 3300"}, {"type": "other", "description": "Or Related Upper-Level Course from the School of Arts and Humanities4"}]}, {"name": "Select 3 semester credit hours of Professional Development Courses from the following:", "type": "collection", "required": 1.0, "courses": [{"type": "course", "class_reference": "ARTS 3311"}, {"type": "course", "class_reference": "ARTS 4310"}, {"type": "course", "class_reference": "COMM 4370"}, {"type": "course", "class_reference": "COMM 4371"}, {"type": "course", "class_reference": "ENTP 3301"}, {"type": "course", "class_reference": "ISAH 4V50"}, {"type": "course", "class_reference": "VPAS 4310"}]}]}]}