{"name": "Bachelor of Arts in Latin American Studies", "abbreviation": "Latin American Studies (BA)", "minimum_credit_hours": "120", "subtype": "major", "requirements": [{"type": "collection", "name": "II. Major Requirements: 60 semester credit hours", "required": 18, "options": [{"type": "course", "class_reference": "HIST 2350"}, {"type": "other", "required": 0, "description": "The language requirement is 12 semester credit hours, or equivalent, of the same language, usually Spanish, or another approved language of relevance to Latin American Studies. Students can petition the Program Head for exceptions. If the language credit is obtained without taking classes, twelve additional semester credit hours of Free Electives (upper-division or lower-division) can be taken by student."}, {"type": "course", "class_reference": "HIST 3398"}, {"type": "course", "class_reference": "HIST 3399"}, {"name": "Choose one", "type": "collection", "required": 2, "courses": [{"type": "course", "class_reference": "IPEC 4304"}, {"type": "course", "class_reference": "PSCI 4332"}]}, {"type": "course", "class_reference": "LATS 3301"}, {"type": "course", "class_reference": "SPAN 4315"}, {"type": "course", "class_reference": "HIST 3397"}, {"type": "other", "description": "All students are required to take at least six credit hours from each of the three thematic pillars in Latin American Studies, plus nine additional free electives."}, {"name": "All students are required to take at least six semester credit hours of approved courses. May not overlap with major core requirements.", "type": "collection", "required": 0, "courses": [{"type": "course", "class_reference": "HIST 3391"}, {"type": "course", "class_reference": "HIST 4369"}, {"type": "course", "class_reference": "HIST 4359"}, {"type": "course", "class_reference": "HIST 3397"}]}, {"name": "All students are required to take at least six semester credit hours of approved courses. May not overlap with major core requirements.", "type": "collection", "required": 0, "courses": [{"type": "course", "class_reference": "CRIM 3319"}, {"type": "course", "class_reference": "GEOG 2302"}, {"type": "course", "class_reference": "GEOG 3304"}, {"type": "course", "class_reference": "GEOG 3359"}, {"type": "course", "class_reference": "GEOS 2321"}, {"type": "course", "class_reference": "IMS 3091"}, {"type": "other", "description": "or IMS 3V91 Regional Management Area Studies: Latin America"}]}, {"type": "course", "class_reference": "IPEC 4304"}, {"type": "course", "class_reference": "PSCI 4331"}, {"type": "course", "class_reference": "PSCI 4332"}, {"type": "course", "class_reference": "PSCI 4347"}, {"type": "course", "class_reference": "PSCI 4348"}, {"name": "All students are required to take at least six semester credit hours of approved courses. May not overlap with major core requirements.", "type": "collection", "required": 0, "courses": [{"type": "course", "class_reference": "LANG 4348"}, {"type": "course", "class_reference": "SPAN 3363"}, {"type": "course", "class_reference": "SPAN 3365"}, {"type": "course", "class_reference": "SPAN 3366"}, {"type": "course", "class_reference": "SPAN 4301"}, {"type": "course", "class_reference": "SPAN 4302"}, {"type": "course", "class_reference": "SPAN 4364"}, {"type": "course", "class_reference": "SPAN 4315"}]}, {"type": "other", "required": 0, "description": "Select any 9 semester credit hours from the History Electives, Political and Economics Electives, and Cultural Studies Electives. May not overlap with major core requirements."}]}]}