{"name": "Bachelor of Science in Information Technology and Systems", "abbreviation": "Information Technology and Systems (BS)", "minimum_credit_hours": "120", "subtype": "major", "requirements": [{"type": "collection", "name": "II. Major Requirements: 75-78 semester credit hours", "required": 45, "options": [{"type": "course", "class_reference": "ACCT 2301"}, {"type": "course", "class_reference": "ACCT 2302"}, {"type": "course", "class_reference": "BLAW 2301"}, {"type": "course", "class_reference": "MATH 1325"}, {"name": "Choose one", "type": "collection", "required": 2, "courses": [{"type": "course", "class_reference": "MATH 1326"}, {"type": "course", "class_reference": "OPRE 3340"}]}, {"name": "Choose one", "type": "collection", "required": 2, "courses": [{"type": "course", "class_reference": "OPRE 3333"}, {"type": "course", "class_reference": "MATH 2333"}]}, {"name": "Choose one", "type": "collection", "required": 2, "courses": [{"type": "course", "class_reference": "STAT 3360"}, {"type": "course", "class_reference": "OPRE 3360"}]}, {"type": "course", "class_reference": "ITSS 3311"}, {"name": "Choose one", "type": "collection", "required": 2, "courses": [{"type": "course", "class_reference": "ITSS 3312"}, {"type": "course", "class_reference": "ITSS 4381"}]}, {"name": "Choose two of the following:7", "type": "collection", "required": 0, "courses": [{"type": "course", "class_reference": "BA 1310"}, {"type": "course", "class_reference": "BA 1320"}, {"type": "course", "class_reference": "ECON 2301"}, {"type": "course", "class_reference": "ECON 2302"}]}, {"name": "Choose one", "type": "collection", "required": 2, "courses": [{"type": "course", "class_reference": "BCOM 1300"}, {"type": "course", "class_reference": "BCOM 3300"}]}, {"type": "course", "class_reference": "BCOM 4300"}, {"type": "course", "class_reference": "IMS 3310"}, {"type": "course", "class_reference": "FIN 3320"}, {"type": "course", "class_reference": "ITSS 3300"}, {"type": "course", "class_reference": "OPRE 3310"}, {"name": "Choose one", "type": "collection", "required": 2, "courses": [{"type": "course", "class_reference": "OBHR 3310"}, {"type": "course", "class_reference": "OBHR 3330"}]}, {"type": "course", "class_reference": "MKT 3300"}, {"type": "course", "class_reference": "ITSS 4300"}, {"type": "course", "class_reference": "ITSS 4330"}, {"type": "course", "class_reference": "ITSS 4360"}, {"type": "course", "class_reference": "ITSS 4351"}, {"type": "course", "class_reference": "ITSS 4370"}, {"name": "Choose one", "type": "collection", "required": 3, "courses": [{"type": "course", "class_reference": "ITSS 4395"}, {"type": "course", "class_reference": "BPS 4395"}, {"type": "course", "class_reference": "ENTP 4395"}]}, {"name": "A practicum experience of at least 160 working hours is required; the student has the option of zero to 3 semester credit hours, depending on the particular internship, and preference for additional electives.", "type": "collection", "required": 0, "courses": [{"type": "course", "class_reference": "ITSS 4V90"}, {"type": "course", "class_reference": "ITSS 4090"}, {"type": "course", "class_reference": "BA 4090"}]}, {"name": "A community engagement experience is required; the student has the option of zero or 3 semester credit hours, depending on the particular experience, and preference for additional electives.", "type": "collection", "required": 4, "courses": [{"type": "course", "class_reference": "IMS 4335"}, {"type": "other", "description": "or ENTP 4340 Social Sector Entrepreneurship and Community Engagement"}, {"type": "course", "class_reference": "MKT 4360"}, {"type": "course", "class_reference": "BA 4095"}]}, {"type": "other", "required": 0, "description": "Choose from the following to fulfill remaining Guided Elective semester credit hours:"}, {"type": "other", "required": 0, "description": "Students may choose one of the following tracks:"}, {"type": "course", "class_reference": "ITSS 4353"}, {"type": "course", "class_reference": "ITSS 4352"}, {"type": "course", "class_reference": "ITSS 4354"}, {"type": "course", "class_reference": "ITSS 4355"}, {"type": "course", "class_reference": "ITSS 4340"}, {"type": "course", "class_reference": "ITSS 4353"}, {"type": "course", "class_reference": "ITSS 4343"}, {"name": "Choose one", "type": "collection", "required": 2, "courses": [{"type": "course", "class_reference": "ACCT 4342"}, {"type": "course", "class_reference": "ACCT 3322"}]}, {"type": "course", "class_reference": "ITSS 4340"}, {"type": "course", "class_reference": "MKT 3330"}, {"type": "course", "class_reference": "MKT 4331"}, {"type": "other", "required": 0, "description": "Any ITSS upper-division course, excluding ITSS 4301 Database Systems13, that is not part of the BS INTS major preparatory, major core, or major related courses."}, {"type": "course", "class_reference": "ENTP 3301"}, {"type": "course", "class_reference": "ENTP 3320"}, {"type": "other", "required": 0, "description": "Any 2 ITSS upper-division courses, excluding ITSS 4301 Database Systems13, that are not part of the BS INTS major preparatory, major core, or major related courses."}, {"type": "other", "required": 0, "description": "Any ITSS upper-division courses, excluding ITSS 4301 Database Systems13, that are not part of the BS INTS major preparatory, major core, or major related courses may be used to satisfy the 12 semester credit hours of guided elective credit."}, {"type": "other", "description": "All prerequisites must be met."}]}]}