{"name": "Bachelor of Science in Mechanical Engineering", "abbreviation": "Mechanical Engineering (BS)", "minimum_credit_hours": "127", "subtype": "major", "requirements": [{"type": "collection", "name": "II. Major Requirements: 82 semester credit hours6", "required": 36, "options": [{"name": "Students pursuing the general program take 29 semester credit hours from the list below:", "type": "collection", "required": 0, "courses": [{"type": "course", "class_reference": "CHEM 1111"}, {"type": "course", "class_reference": "CHEM 1311"}, {"type": "course", "class_reference": "CS 1325"}, {"type": "course", "class_reference": "ECS 1100"}, {"type": "course", "class_reference": "MATH 2417"}, {"type": "course", "class_reference": "MATH 2419"}, {"type": "course", "class_reference": "MATH 2420"}, {"type": "course", "class_reference": "MECH 1100"}, {"type": "course", "class_reference": "MECH 1208"}, {"type": "course", "class_reference": "MECH 2120"}, {"type": "course", "class_reference": "ENGR 2300"}, {"type": "course", "class_reference": "MECH 2310"}, {"type": "course", "class_reference": "MECH 2320"}, {"type": "course", "class_reference": "MECH 2330"}, {"type": "course", "class_reference": "PHYS 2125"}, {"type": "course", "class_reference": "PHYS 2126"}, {"type": "course", "class_reference": "PHYS 2325"}, {"type": "course", "class_reference": "PHYS 2326"}]}, {"type": "course", "class_reference": "ECS 3390"}, {"type": "course", "class_reference": "MECH 3105"}, {"type": "course", "class_reference": "MECH 3115"}, {"type": "course", "class_reference": "MECH 3120"}, {"type": "course", "class_reference": "MECH 3150"}, {"type": "course", "class_reference": "ENGR 3300"}, {"type": "course", "class_reference": "MECH 3305"}, {"type": "course", "class_reference": "MECH 3310"}, {"type": "course", "class_reference": "MECH 3315"}, {"type": "course", "class_reference": "MECH 3320"}, {"type": "course", "class_reference": "MECH 3340"}, {"type": "course", "class_reference": "ENGR 3341"}, {"type": "course", "class_reference": "MECH 3350"}, {"type": "course", "class_reference": "MECH 3351"}, {"type": "course", "class_reference": "MECH 4110"}, {"type": "course", "class_reference": "MECH 4310"}, {"type": "course", "class_reference": "MECH 4381"}, {"type": "course", "class_reference": "MECH 4382"}, {"type": "course", "class_reference": "MECH 2340"}, {"type": "course", "class_reference": "MECH 3360"}, {"type": "course", "class_reference": "MECH 3370"}, {"type": "course", "class_reference": "MECH 3380"}, {"type": "course", "class_reference": "MECH 3381"}, {"type": "course", "class_reference": "MECH 3V95"}, {"type": "course", "class_reference": "MECH 4301"}, {"type": "course", "class_reference": "MECH 4320"}, {"type": "course", "class_reference": "MECH 4330"}, {"type": "course", "class_reference": "MECH 4340"}, {"type": "course", "class_reference": "MECH 4342"}, {"type": "course", "class_reference": "MECH 4360"}, {"type": "course", "class_reference": "MECH 4365"}, {"type": "course", "class_reference": "MECH 4370"}, {"type": "course", "class_reference": "MECH 4380"}, {"type": "course", "class_reference": "MECH 4V95"}, {"type": "course", "class_reference": "ENTP 3301"}]}]}