{"name": "Bachelor of Science in Global Business and Marketing (Double Major)", "abbreviation": "Global Business and Marketing (Double Major) (BS)", "minimum_credit_hours": "128", "subtype": "major", "requirements": [{"type": "collection", "name": "II. Major Requirements: 81 semester credit hours", "required": 43, "options": [{"type": "course", "class_reference": "ACCT 2301"}, {"type": "course", "class_reference": "ACCT 2302"}, {"type": "course", "class_reference": "BLAW 2301"}, {"type": "course", "class_reference": "MATH 1325"}, {"name": "Choose one", "type": "collection", "required": 2, "courses": [{"type": "course", "class_reference": "STAT 3360"}, {"type": "course", "class_reference": "OPRE 3360"}]}, {"name": "Choose two of the following:8", "type": "collection", "required": 0, "courses": [{"type": "course", "class_reference": "BA 1310"}, {"type": "course", "class_reference": "BA 1320"}, {"type": "course", "class_reference": "ECON 2301"}, {"type": "course", "class_reference": "ECON 2302"}]}, {"name": "Choose one", "type": "collection", "required": 2, "courses": [{"type": "course", "class_reference": "BCOM 1300"}, {"type": "course", "class_reference": "BCOM 3300"}]}, {"type": "course", "class_reference": "BCOM 4300"}, {"type": "course", "class_reference": "IMS 3310"}, {"type": "course", "class_reference": "FIN 3320"}, {"type": "course", "class_reference": "ITSS 3300"}, {"type": "course", "class_reference": "OPRE 3310"}, {"name": "Choose one", "type": "collection", "required": 2, "courses": [{"type": "course", "class_reference": "OBHR 3330"}, {"type": "course", "class_reference": "OBHR 3310"}]}, {"type": "course", "class_reference": "MKT 3300"}, {"type": "course", "class_reference": "IMS 4320"}, {"type": "course", "class_reference": "FIN 3380"}, {"type": "course", "class_reference": "IMS 4330"}, {"type": "course", "class_reference": "IMS 4373"}, {"type": "course", "class_reference": "BLAW 4301"}, {"type": "course", "class_reference": "MKT 3340"}, {"type": "course", "class_reference": "MKT 4330"}, {"type": "course", "class_reference": "MKT 3330"}, {"name": "Choose one", "type": "collection", "required": 5, "courses": [{"type": "course", "class_reference": "MKT 4395"}, {"type": "course", "class_reference": "ENTP 3320"}, {"type": "course", "class_reference": "IMS 4395"}, {"type": "course", "class_reference": "BPS 4395"}, {"type": "course", "class_reference": "ENTP 4395"}]}, {"type": "other", "required": 0, "description": "Choose 4 courses from one of the following tracks:"}, {"type": "course", "class_reference": "MKT 4338"}, {"type": "course", "class_reference": "MKT 4334"}, {"type": "course", "class_reference": "MKT 4V90"}, {"type": "course", "class_reference": "MKT 4331"}, {"type": "course", "class_reference": "MKT 4336"}, {"type": "course", "class_reference": "MKT 4339"}, {"type": "course", "class_reference": "MKT 4336"}, {"type": "course", "class_reference": "MKT 4V93"}, {"type": "course", "class_reference": "MKT 4337"}, {"type": "course", "class_reference": "MKT 4341"}, {"type": "course", "class_reference": "MKT 4V90"}, {"type": "course", "class_reference": "MKT 3320"}, {"type": "course", "class_reference": "MKT 4370"}, {"type": "course", "class_reference": "MKT 4340"}, {"type": "course", "class_reference": "MKT 4350"}, {"type": "course", "class_reference": "MKT 4360"}, {"type": "course", "class_reference": "MKT 4V90"}, {"type": "other", "required": 0, "description": "If the language credit is obtained without taking classes, six additional semester credit hours of Free Electives (upper-division or lower-division) can be taken by student."}, {"type": "other", "description": "Students are strongly encouraged to meet with their Program Director every semester to discuss their progress, career interests, and international experiences."}]}]}