{"name": "Bachelor of Science in Accounting", "abbreviation": "Accounting (BS)", "minimum_credit_hours": "120", "subtype": "major", "requirements": [{"type": "collection", "name": "II. Major Requirements: 75-78 semester credit hours", "required": 30, "options": [{"type": "course", "class_reference": "MATH 1325"}, {"name": "Choose one", "type": "collection", "required": 3, "courses": [{"type": "course", "class_reference": "MATH 1326"}, {"type": "course", "class_reference": "PHIL 2303"}, {"type": "course", "class_reference": "OPRE 3340"}]}, {"type": "course", "class_reference": "ACCT 2301"}, {"type": "course", "class_reference": "ACCT 2302"}, {"type": "course", "class_reference": "BLAW 2301"}, {"name": "Choose one", "type": "collection", "required": 4, "courses": [{"type": "course", "class_reference": "OPRE 3333"}, {"type": "course", "class_reference": "MATH 2333"}, {"type": "course", "class_reference": "MATH 2418"}, {"type": "course", "class_reference": "CS 2305"}]}, {"name": "Choose one", "type": "collection", "required": 2, "courses": [{"type": "course", "class_reference": "STAT 3360"}, {"type": "course", "class_reference": "OPRE 3360"}]}, {"type": "other", "description": "And two of the following:7"}, {"type": "course", "class_reference": "BA 1310"}, {"type": "course", "class_reference": "BA 1320"}, {"type": "course", "class_reference": "ECON 2301"}, {"type": "course", "class_reference": "ECON 2302"}, {"name": "Choose one", "type": "collection", "required": 2, "courses": [{"type": "course", "class_reference": "BCOM 1300"}, {"type": "course", "class_reference": "BCOM 3300"}]}, {"type": "course", "class_reference": "BCOM 4300"}, {"type": "course", "class_reference": "IMS 3310"}, {"type": "course", "class_reference": "FIN 3320"}, {"type": "course", "class_reference": "ITSS 3300"}, {"type": "course", "class_reference": "OPRE 3310"}, {"name": "Choose one", "type": "collection", "required": 2, "courses": [{"type": "course", "class_reference": "OBHR 3330"}, {"type": "course", "class_reference": "OBHR 3310"}]}, {"type": "course", "class_reference": "MKT 3300"}, {"type": "course", "class_reference": "BPS 4305"}, {"type": "course", "class_reference": "ACCT 3331"}, {"type": "course", "class_reference": "ACCT 3332"}, {"type": "course", "class_reference": "ACCT 3341"}, {"type": "course", "class_reference": "ACCT 3350"}, {"type": "course", "class_reference": "ACCT 4334"}, {"type": "course", "class_reference": "ACCT 4342"}, {"name": "Choose one", "type": "collection", "required": 8, "courses": [{"type": "course", "class_reference": "ACCT 4395"}, {"type": "course", "class_reference": "BPS 4395"}, {"type": "course", "class_reference": "ENTP 4395"}, {"type": "course", "class_reference": "HMGT 4395"}, {"type": "course", "class_reference": "ITSS 4395"}, {"type": "course", "class_reference": "MKT 4395"}, {"type": "course", "class_reference": "OBHR 4395"}, {"type": "course", "class_reference": "OPRE 4395"}]}, {"name": "A practicum experience of at least 160 working hours is required; the student has the option of zero to 3 semester credit hours, depending on the particular internship, and preference for additional electives.", "type": "collection", "required": 0, "courses": [{"type": "course", "class_reference": "ACCT 4V80"}, {"type": "course", "class_reference": "BA 4090"}]}, {"name": "Choose from the following to fulfill remaining Guided Elective semester credit hours:", "type": "collection", "required": 0, "courses": [{"type": "course", "class_reference": "ACCT 3322"}, {"type": "course", "class_reference": "ACCT 4301"}, {"type": "course", "class_reference": "ACCT 4302"}, {"type": "course", "class_reference": "ACCT 4336"}, {"type": "course", "class_reference": "ACCT 4337"}, {"type": "course", "class_reference": "ACCT 4340"}, {"type": "course", "class_reference": "FIN 3330"}, {"type": "course", "class_reference": "FIN 3360"}, {"type": "course", "class_reference": "FIN 3380"}, {"type": "course", "class_reference": "FIN 3390"}, {"type": "course", "class_reference": "ITSS 4340"}, {"type": "course", "class_reference": "OPRE 4350"}]}]}]}