{"name": "Bachelor of Science in Economics", "abbreviation": null, "minimum_credit_hours": "120", "subtype": "major", "requirements": [{"type": "collection", "name": "II. Major Requirements: 42-46 semester credit hours", "required": 13, "options": [{"type": "course", "class_reference": "ECON 2301"}, {"type": "course", "class_reference": "ECON 2302"}, {"name": "Choose one", "type": "collection", "required": 4, "courses": [{"type": "course", "class_reference": "EPPS 2302"}, {"type": "course", "class_reference": "OPRE 3360"}, {"type": "course", "class_reference": "STAT 3360"}, {"type": "course", "class_reference": "STAT 1342"}]}, {"name": "Choose one", "type": "collection", "required": 3, "courses": [{"type": "course", "class_reference": "MATH 2417"}, {"type": "course", "class_reference": "MATH 1325"}, {"type": "course", "class_reference": "MATH 2413"}]}, {"type": "course", "class_reference": "ECON 3310"}, {"type": "course", "class_reference": "ECON 3311"}, {"type": "course", "class_reference": "ECON 4320"}, {"type": "other", "required": 0, "description": "30 semester credit hours of upper-division ECON courses.8"}, {"name": "Choose one course from the following:", "type": "collection", "required": 1, "courses": [{"type": "course", "class_reference": "ECON 4333"}, {"type": "course", "class_reference": "ECON 4336"}]}, {"name": "And choose two courses from the following:", "type": "collection", "required": 0, "courses": [{"type": "course", "class_reference": "ECON 4320"}, {"type": "course", "class_reference": "ECON 4332"}, {"type": "course", "class_reference": "ECON 4333"}, {"type": "course", "class_reference": "ECON 4336"}, {"type": "course", "class_reference": "ECON 4342"}]}, {"type": "course", "class_reference": "ECON 4360"}, {"name": "Choose two courses from the following:", "type": "collection", "required": 0, "courses": [{"type": "course", "class_reference": "ECON 3332"}, {"type": "course", "class_reference": "ECON 3369"}, {"type": "course", "class_reference": "ECON 4362"}, {"type": "course", "class_reference": "ECON 4382"}, {"type": "course", "class_reference": "GEOG 3370"}, {"type": "course", "class_reference": "GEOG 3372"}]}, {"name": "Choose three courses from the following:", "type": "collection", "required": 0, "courses": [{"type": "course", "class_reference": "ECON 3312"}, {"type": "course", "class_reference": "ECON 3332"}, {"type": "course", "class_reference": "ECON 4301"}, {"type": "course", "class_reference": "ECON 4310"}, {"type": "course", "class_reference": "ECON 4340"}, {"type": "course", "class_reference": "ECON 4342"}, {"type": "course", "class_reference": "ECON 4345"}, {"type": "course", "class_reference": "ECON 4355"}, {"type": "course", "class_reference": "ECON 4385"}]}]}]}