{"name": "Bachelor of Arts in Literature with Rhetoric and Communication Concentration", "abbreviation": "Literature with Rhetoric and Communication Concentration (BA)", "minimum_credit_hours": "120", "subtype": "major", "requirements": [{"type": "collection", "name": "II. Major Requirements: 45-48 semester credit hours beyond Core Curriculum", "required": 15, "options": [{"type": "course", "class_reference": "LIT 2350"}, {"type": "course", "class_reference": "RHET 2302"}, {"name": "Select 6 semester credit hours from the following four:", "type": "collection", "required": 2.0, "courses": [{"type": "course", "class_reference": "LIT 2320"}, {"type": "course", "class_reference": "LIT 2321"}, {"type": "course", "class_reference": "LIT 2322"}, {"type": "course", "class_reference": "LIT 2331"}]}, {"type": "course", "class_reference": "LIT 3300"}, {"type": "course", "class_reference": "LIT 3339"}, {"type": "course", "class_reference": "LIT 4329"}, {"type": "course", "class_reference": "ISAH 4V50"}, {"name": "3 semester credit hours from the following \"Research and Writing\" courses:", "type": "collection", "required": 1.0, "courses": [{"type": "course", "class_reference": "ARHM 3342"}, {"type": "course", "class_reference": "LIT 3338"}, {"type": "other", "description": "Any upper-division creative writing workshop (prefix CRWT)"}]}, {"name": "6 semester credit hours from the following \"Contexts\" course:", "type": "collection", "required": 2.0, "courses": [{"type": "course", "class_reference": "LIT 3319"}]}, {"name": "3 semester credit hours from the following \"Comparisons\" courses:", "type": "collection", "required": 1.0, "courses": [{"type": "course", "class_reference": "CRWT 3330"}, {"type": "course", "class_reference": "LIT 3337"}]}, {"name": "Choose one", "type": "collection", "required": 2, "courses": [{"type": "course", "class_reference": "RHET 3302"}, {"type": "course", "class_reference": "RHET 3303"}]}, {"type": "course", "class_reference": "COMM 3351"}, {"name": "Choose one", "type": "collection", "required": 2, "courses": [{"type": "course", "class_reference": "RHET 4302"}, {"type": "course", "class_reference": "RHET 4303"}]}, {"type": "course", "class_reference": "COMM 4314"}, {"type": "course", "class_reference": "COMM 4371"}]}]}