{"name": "Bachelor of Arts in Visual and Performing Arts with Photo-Video-Digital Concentration", "abbreviation": "Visual and Performing Arts with Photo-Video-Digital Concentration (BA)", "minimum_credit_hours": "120", "subtype": "major", "requirements": [{"type": "collection", "name": "II. Major Requirements, Lower-Division: 12 semester credit hours beyond Core Curriculum", "required": 3, "options": [{"type": "course", "class_reference": "ARTS 2380"}, {"name": "Select any 3 semester credit hours from the following history/theory courses:", "type": "collection", "required": 1.0, "courses": [{"type": "course", "class_reference": "AHST 1303"}, {"type": "course", "class_reference": "AHST 1304"}, {"type": "course", "class_reference": "AHST 2331"}, {"type": "course", "class_reference": "FILM 2332"}]}, {"name": "Select any 9 semester credit hours from the following studio courses:", "type": "collection", "required": 3.0, "courses": [{"type": "course", "class_reference": "ARTS 1316"}, {"type": "course", "class_reference": "ARTS 2315"}, {"type": "course", "class_reference": "ARTS 2316"}, {"type": "course", "class_reference": "ARTS 2350"}, {"type": "course", "class_reference": "ARTS 2381"}]}]}, {"type": "collection", "name": "III. Major Requirements, Upper-Division: 42 semester credit hours", "required": 11, "options": [{"type": "course", "class_reference": "VPAS 3340"}, {"type": "course", "class_reference": "VPAS 4389"}, {"type": "course", "class_reference": "VPAS 4390"}, {"name": "Select 3 semester credit hours of Related Courses from the following:", "type": "collection", "required": 1.0, "courses": [{"type": "course", "class_reference": "ARHM 3342"}, {"type": "course", "class_reference": "VPAS 3300"}, {"type": "other", "description": "Or Related Upper-Level Course from the School of Arts and Humanities"}]}, {"name": "And select any 3 semester credit hours of Professional Development Courses from the following:", "type": "collection", "required": 0, "courses": [{"type": "course", "class_reference": "ARTS 3311"}, {"type": "course", "class_reference": "ARTS 4310"}]}, {"name": "Select any 3 semester credit hours from the following:", "type": "collection", "required": 1.0, "courses": [{"type": "course", "class_reference": "AHST 3318"}, {"type": "course", "class_reference": "AHST 3319"}, {"type": "course", "class_reference": "AHST 3324"}, {"type": "other", "description": "or upper-level FILM course"}]}, {"type": "other", "required": 0, "description": "Select any 3 semester credit hours of upper-level AHST or FILM courses"}, {"name": "Select any 9 semester credit hours from the following:", "type": "collection", "required": 3.0, "courses": [{"type": "course", "class_reference": "ARTS 3371"}, {"type": "course", "class_reference": "ARTS 3372"}, {"type": "course", "class_reference": "ARTS 3376"}, {"type": "course", "class_reference": "ARTS 3377"}, {"type": "course", "class_reference": "ARTS 3379"}, {"type": "course", "class_reference": "ARTS 3381"}]}, {"name": "Select any 3 semester credit hours from the following:", "type": "collection", "required": 1.0, "courses": [{"type": "course", "class_reference": "ARTS 4308"}, {"type": "course", "class_reference": "ARTS 4368"}, {"type": "course", "class_reference": "ARTS 4372"}, {"type": "course", "class_reference": "ARTS 4V71"}]}, {"type": "other", "required": 0, "description": "Select any 3 semester credit hours from any 4000 level ARTS studio course"}, {"type": "other", "required": 0, "description": "Select any 6 semester credit hours upper level VPA courses from the following prefixes: AHST, ARTS, COMM, DANC, FILM, MUSI, THEA"}]}]}