{"name": "Bachelor of Science in Electrical Engineering", "abbreviation": null, "minimum_credit_hours": "128", "subtype": "major", "requirements": [{"type": "collection", "name": "II. Major Requirements: 77 semester credit hours6", "required": 60, "options": [{"type": "course", "class_reference": "CHEM 1111"}, {"type": "course", "class_reference": "CHEM 1311"}, {"type": "course", "class_reference": "CS 1325"}, {"type": "course", "class_reference": "EE 1100"}, {"type": "course", "class_reference": "ECS 1100"}, {"type": "course", "class_reference": "EE 1202"}, {"type": "course", "class_reference": "ENGR 2300"}, {"type": "course", "class_reference": "EE 2310"}, {"name": "Choose one", "type": "collection", "required": 2, "courses": [{"type": "course", "class_reference": "MATH 2414"}, {"type": "course", "class_reference": "MATH 2417"}]}, {"name": "Choose one", "type": "collection", "required": 2, "courses": [{"type": "course", "class_reference": "MATH 2415"}, {"type": "course", "class_reference": "MATH 2419"}]}, {"type": "course", "class_reference": "MATH 2420"}, {"type": "course", "class_reference": "PHYS 2125"}, {"type": "course", "class_reference": "PHYS 2126"}, {"type": "course", "class_reference": "PHYS 2325"}, {"type": "course", "class_reference": "PHYS 2326"}, {"type": "course", "class_reference": "EE 3161"}, {"type": "course", "class_reference": "ECS 3390"}, {"type": "course", "class_reference": "EE 3201"}, {"type": "course", "class_reference": "EE 3202"}, {"type": "course", "class_reference": "ENGR 3300"}, {"type": "course", "class_reference": "EE 3301"}, {"type": "course", "class_reference": "EE 3302"}, {"type": "course", "class_reference": "EE 3310"}, {"type": "course", "class_reference": "EE 3311"}, {"type": "course", "class_reference": "EE 3320"}, {"type": "course", "class_reference": "ENGR 3341"}, {"type": "course", "class_reference": "EE 4301"}, {"type": "course", "class_reference": "EE 4310"}, {"type": "course", "class_reference": "EE 4370"}, {"type": "course", "class_reference": "EE 4388"}, {"type": "course", "class_reference": "EE 4389"}, {"name": "Select one of the following laboratories:", "type": "collection", "required": 1, "courses": [{"type": "course", "class_reference": "EE 4201"}, {"type": "course", "class_reference": "EE 4202"}, {"type": "course", "class_reference": "EE 4203"}, {"type": "course", "class_reference": "EE 4204"}, {"type": "course", "class_reference": "EE 4205"}]}, {"type": "other", "required": 0, "description": "Students pursuing the general program take 12 semester credit hours from any other 4000 level or higher Electrical Engineering courses. Independent Study in Electrical Engineering (EE 4V97), Undergraduate Research in Electrical Engineering (EE 4V98), or Senior Honors in Electrical Engineering (EE 4399) may be used for up to 6 of these hours."}, {"type": "other", "description": "Students pursuing a concentration in one of the following areas should take a minimum of two courses in that area:"}, {"type": "course", "class_reference": "EE 4168"}, {"type": "course", "class_reference": "EE 4325"}, {"type": "course", "class_reference": "EE 4340"}, {"type": "course", "class_reference": "EE 4368"}, {"type": "course", "class_reference": "EE 4V95"}, {"type": "course", "class_reference": "EE 4202"}, {"type": "course", "class_reference": "EE 4304"}, {"type": "course", "class_reference": "EE 4V95"}, {"type": "course", "class_reference": "EE 4201"}, {"type": "course", "class_reference": "EE 4330"}, {"type": "course", "class_reference": "EE 4391"}, {"type": "course", "class_reference": "EE 4371"}, {"type": "course", "class_reference": "EE 4V95"}, {"type": "course", "class_reference": "EE 4204"}, {"type": "course", "class_reference": "EE 4362"}, {"type": "course", "class_reference": "EE 4363"}, {"type": "course", "class_reference": "EE 4V95"}, {"type": "course", "class_reference": "EE 4205"}, {"type": "course", "class_reference": "EE 3350"}, {"type": "course", "class_reference": "EE 4360"}, {"type": "course", "class_reference": "EE 4361"}, {"type": "course", "class_reference": "EE 4365"}, {"type": "course", "class_reference": "EE 4367"}, {"type": "course", "class_reference": "EE 4342"}, {"type": "course", "class_reference": "EE 4V95"}, {"type": "course", "class_reference": "EE 4203"}]}]}