{"name": "Bachelor of Arts in Visual and Performing Arts with Art History Concentration", "abbreviation": "Visual and Performing Arts with Art History Concentration (BA)", "minimum_credit_hours": "120", "subtype": "major", "requirements": [{"type": "collection", "name": "II. Major Requirements, Lower-Division: 0 semester credit hours beyond Core Curriculum", "required": 2, "options": [{"type": "course", "class_reference": "AHST 1303"}, {"type": "course", "class_reference": "AHST 1304"}]}, {"type": "collection", "name": "III. Major Requirements, Upper-Division: 39 semester credit hours", "required": 7, "options": [{"type": "course", "class_reference": "VPAS 3340"}, {"type": "course", "class_reference": "VPAS 4389"}, {"type": "course", "class_reference": "VPAS 4390"}, {"name": "Select 3 semester credit hours of Related Courses from the following:", "type": "collection", "required": 1.0, "courses": [{"type": "course", "class_reference": "ARHM 3342"}, {"type": "course", "class_reference": "VPAS 3300"}, {"type": "other", "description": "or Related Upper-Level Course from the School of Arts and Humanities4"}]}, {"name": "Select 3 semester credit hours of Professional Development Courses from the following:", "type": "collection", "required": 1.0, "courses": [{"type": "course", "class_reference": "ARTS 3311"}, {"type": "course", "class_reference": "ARTS 4310"}, {"type": "course", "class_reference": "COMM 4370"}, {"type": "course", "class_reference": "COMM 4371"}, {"type": "course", "class_reference": "ENTP 3301"}, {"type": "course", "class_reference": "ISAH 4V50"}, {"type": "course", "class_reference": "VPAS 4310"}]}, {"type": "other", "required": 0, "description": "15 semester credit hours of upper-division Historical Context courses"}, {"type": "other", "required": 0, "description": "9 semester credit hours of upper-division Visual and Performing Arts electives"}]}]}