{"name": "Bachelor of Arts in Literature with Creative Writing Concentration", "abbreviation": "Literature with Creative Writing Concentration (BA)", "minimum_credit_hours": "120", "subtype": "major", "requirements": [{"type": "collection", "name": "II. Major Requirements: 48-51 semester credit hours beyond Core Curriculum", "required": 12, "options": [{"type": "course", "class_reference": "LIT 2350"}, {"name": "Choose 6 semester credit hours from the following four:", "type": "collection", "required": 2.0, "courses": [{"type": "course", "class_reference": "LIT 2320"}, {"type": "course", "class_reference": "LIT 2321"}, {"type": "course", "class_reference": "LIT 2322"}, {"type": "course", "class_reference": "LIT 2331"}]}, {"type": "course", "class_reference": "CRWT 2301"}, {"type": "course", "class_reference": "LIT 3300"}, {"type": "course", "class_reference": "LIT 3339"}, {"type": "course", "class_reference": "LIT 4329"}, {"type": "course", "class_reference": "LIT 4390"}, {"name": "3 semester credit hours from the following \"Research and Writing\" courses:", "type": "collection", "required": 1.0, "courses": [{"type": "course", "class_reference": "ARHM 3342"}, {"type": "course", "class_reference": "LIT 3338"}, {"type": "other", "description": "Any upper-division creative writing workshop (prefix CRWT)"}]}, {"name": "6 semester credit hours from the following \"Contexts\" course:", "type": "collection", "required": 2.0, "courses": [{"type": "course", "class_reference": "LIT 3319"}]}, {"name": "3 semester credit hours from the following \"Comparisons\" courses:", "type": "collection", "required": 1.0, "courses": [{"type": "course", "class_reference": "CRWT 3330"}, {"type": "course", "class_reference": "LIT 3337"}]}, {"type": "other", "required": 0, "description": "12 semester credit hours of upper-division creative writing workshops in at least two genres (e.g., poetry and fiction)."}, {"type": "other", "required": 0, "description": "3 semester credit hours of foreign language, upper-division LIT, or CRWT electives. "}]}]}