{"name": "Bachelor of Arts in American Studies", "abbreviation": "American Studies (BA)", "minimum_credit_hours": "120", "subtype": "major", "requirements": [{"type": "collection", "name": "II. Major Requirements: 48 semester credit hours", "required": 14, "options": [{"type": "course", "class_reference": "AMS 3327"}, {"name": "Choose one", "type": "collection", "required": 2, "courses": [{"type": "course", "class_reference": "AMS 2341"}, {"type": "course", "class_reference": "AMS 2300"}]}, {"type": "course", "class_reference": "AMS 3302"}, {"type": "course", "class_reference": "BIS 3320"}, {"name": "Choose one", "type": "collection", "required": 2, "courses": [{"type": "course", "class_reference": "MATH 1306"}, {"type": "course", "class_reference": "MATH 1314"}]}, {"type": "other", "required": 0, "description": "In addition to the major core courses, students will take 18 semester credit hours of coursework in two of the following subject options, for a total of 36 semester credit hours. Each subject field must be interdisciplinary in nature and must include at least one course providing a historical focus."}, {"type": "other", "description": "American Medicine and Healthcare"}, {"type": "other", "description": "American Popular Culture"}, {"type": "other", "description": "Communication in 21st Century America"}, {"type": "other", "description": "Environment and Community"}, {"type": "other", "description": "Law, Legality, and Culture"}, {"type": "other", "description": "Race and Ethnicity in American Society"}, {"type": "other", "description": "The U. S. and the World"}, {"type": "other", "description": "Women and the Workplace"}]}]}