{"name": "Bachelor of Arts in Visual and Performing Arts with Visual Arts Concentration", "abbreviation": "Visual and Performing Arts with Visual Arts Concentration (BA)", "minimum_credit_hours": "120", "subtype": "major", "requirements": [{"type": "collection", "name": "II. Major Requirements, Lower-Division: 12 semester credit hours beyond Core Curriculum", "required": 3, "options": [{"type": "course", "class_reference": "ARTS 2380"}, {"name": "Select any 3 semester credit hours from the following history/theory courses:", "type": "collection", "required": 1.0, "courses": [{"type": "course", "class_reference": "AHST 1303"}, {"type": "course", "class_reference": "AHST 1304"}, {"type": "course", "class_reference": "AHST 2331"}, {"type": "course", "class_reference": "FILM 2332"}]}, {"name": "Select any 9 semester credit hours from the following studio courses:", "type": "collection", "required": 3.0, "courses": [{"type": "course", "class_reference": "ARTS 1316"}, {"type": "course", "class_reference": "ARTS 2315"}, {"type": "course", "class_reference": "ARTS 2316"}, {"type": "course", "class_reference": "ARTS 2350"}, {"type": "course", "class_reference": "ARTS 2381"}]}]}, {"type": "collection", "name": "III. Major Requirements, Upper-Division: 42 semester credit hours", "required": 11, "options": [{"type": "course", "class_reference": "VPAS 3340"}, {"type": "course", "class_reference": "VPAS 4389"}, {"name": "Choose one", "type": "collection", "required": 2, "courses": [{"type": "course", "class_reference": "VPAS 4390"}, {"type": "course", "class_reference": "VPAS 4V99"}]}, {"name": "Select 3 semester credit hours of Related Courses from the following:", "type": "collection", "required": 1.0, "courses": [{"type": "course", "class_reference": "ARHM 3342"}, {"type": "course", "class_reference": "VPAS 3300"}, {"type": "other", "description": "Or Related Upper-Level Course from the School of Arts and Humanities4"}]}, {"name": "Select 3 semester credit hours of Professional Development Courses from the following:", "type": "collection", "required": 1.0, "courses": [{"type": "course", "class_reference": "ARTS 3311"}, {"type": "course", "class_reference": "ARTS 4310"}]}, {"name": "Select any 3 semester credit hours from the following:", "type": "collection", "required": 1.0, "courses": [{"type": "course", "class_reference": "AHST 3318"}, {"type": "course", "class_reference": "AHST 3319"}, {"type": "course", "class_reference": "AHST 3324"}, {"type": "other", "description": "or upper-level FILM course"}]}, {"type": "other", "required": 0, "description": "3 semester credit hours of upper-level AHST or FILM course"}, {"type": "other", "required": 0, "description": "6 semester credit hours of 3000-level courses from Visual Arts studios"}, {"type": "other", "required": 0, "description": "3 semester credit hours of upper-courses from Visual Arts studios"}, {"type": "other", "required": 0, "description": "6 semester credit hours of 4000-level courses from Visual Arts studios"}, {"type": "other", "required": 0, "description": "6 semester credit hours of upper-level Visual and Performing Arts electives"}]}]}