{
  "name": "Bachelor of Arts in Visual and Performing Arts with Film Concentration",
  "abbreviation": "Visual and Performing Arts with Film Concentration (BA)",
  "minimum_credit_hours": "120",
  "subtype": "major",
  "requirements": [
    {
      "type": "collection",
      "name": "II. Major Requirements, Lower-Division: 0 semester credit hours beyond Core Curriculum4",
      "required": 2,
      "options": [
        {
          "name": "Lower-division preparatory courses (0-6 semester credit hours beyond Core Curriculum):",
          "type": "collection",
          "required": 0,
          "courses": [{ "type": "course", "class_reference": "FILM 2332" }]
        },
        {
          "type": "other",
          "required": 0,
          "description": "3 semester credit hours of lower-level Visual and Performing Arts Prep Course3"
        }
      ]
    },
    {
      "type": "collection",
      "name": "III. Major Requirements, Upper-Division: 48 semester credit hours",
      "required": 12,
      "options": [
        { "type": "course", "class_reference": "VPAS 3340" },
        { "type": "course", "class_reference": "VPAS 4389" },
        { "type": "course", "class_reference": "VPAS 4390" },
        {
          "name": "Select 3 semester credit hours of Related Courses from the following:",
          "type": "collection",
          "required": 1.0,
          "courses": [
            { "type": "course", "class_reference": "ARHM 3342" },
            { "type": "course", "class_reference": "VPAS 3300" },
            {
              "type": "other",
              "description": "Or Related Upper-Level Course from the School of Arts and Humanities4"
            }
          ]
        },
        {
          "name": "Select 3 semester credit hours of Professional Development Courses from the following:",
          "type": "collection",
          "required": 1.0,
          "courses": [
            { "type": "course", "class_reference": "ARTS 3311" },
            { "type": "course", "class_reference": "ARTS 4310" },
            { "type": "course", "class_reference": "COMM 4370" },
            { "type": "course", "class_reference": "COMM 4371" },
            { "type": "course", "class_reference": "ENTP 3301" },
            { "type": "course", "class_reference": "ISAH 4V50" },
            { "type": "course", "class_reference": "VPAS 4310" }
          ]
        },
        {
          "name": "9 semester credit hours from the following:",
          "type": "collection",
          "required": 3.0,
          "courses": [
            { "type": "course", "class_reference": "FILM 3321" },
            { "type": "course", "class_reference": "FILM 3325" }
          ]
        },
        {
          "name": "6 semester credit hours from the following:",
          "type": "collection",
          "required": 2.0,
          "courses": [
            { "type": "course", "class_reference": "FILM 3321" },
            { "type": "course", "class_reference": "FILM 3325" },
            { "type": "course", "class_reference": "FILM 3342" },
            { "type": "course", "class_reference": "FILM 4V71" }
          ]
        },
        {
          "name": "6 semester credit hours of upper-division courses of Prescribed Electives from the following:",
          "type": "collection",
          "required": 2.0,
          "courses": [
            { "type": "course", "class_reference": "AHST 3324" },
            { "type": "course", "class_reference": "ATCM 2322" },
            { "type": "course", "class_reference": "ATCM 2321" },
            { "type": "course", "class_reference": "ATCM 3321" },
            { "type": "course", "class_reference": "ATCM 3325" },
            { "type": "course", "class_reference": "ATCM 3331" },
            { "type": "course", "class_reference": "ATCM 4322" },
            { "type": "course", "class_reference": "ATCM 4323" },
            { "type": "course", "class_reference": "ATCM 4325" },
            { "type": "course", "class_reference": "ATCM 4327" },
            { "type": "course", "class_reference": "BIS 3320" },
            { "type": "course", "class_reference": "COMM 3352" },
            { "type": "course", "class_reference": "GST 2300" },
            { "type": "course", "class_reference": "LIT 2350" }
          ]
        },
        {
          "type": "other",
          "required": 0,
          "description": "6 semester credit hours of upper-division Visual and Performing Arts electives:"
        },
        {
          "type": "other",
          "required": 0,
          "description": "Students may select any combination of upper-divsion courses in Art History, Communication, Dance, Film Studies, Music, Theatre, Visual Art, and/or Visual and Performing Arts."
        },
        {
          "type": "other",
          "required": 0,
          "description": "6 semester credit hours of Major Related courses:"
        },
        {
          "type": "other",
          "required": 0,
          "description": "Students may select any combination of upper-divsion courses in Arts and Humanities, Humanities, History, Philosophy, Literature, and/or Languages."
        }
      ]
    }
  ]
}
