{"name": "Bachelor of Science in Molecular Biology and Healthcare Management (Double Major)", "abbreviation": "Molecular Biology and Healthcare Management (Double Major) (BS)", "minimum_credit_hours": "152-153", "subtype": "major", "requirements": [{"type": "collection", "name": "II. Major Requirements: 89-90 semester credit hours", "required": 42, "options": [{"name": "Choose one", "type": "collection", "required": 2, "courses": [{"type": "course", "class_reference": "CHEM 1111"}, {"type": "course", "class_reference": "CHEM 1115"}]}, {"name": "Choose one", "type": "collection", "required": 2, "courses": [{"type": "course", "class_reference": "CHEM 1112"}, {"type": "course", "class_reference": "CHEM 1116"}]}, {"name": "Choose one", "type": "collection", "required": 2, "courses": [{"type": "course", "class_reference": "CHEM 1311"}, {"type": "course", "class_reference": "CHEM 1315"}]}, {"name": "Choose one", "type": "collection", "required": 2, "courses": [{"type": "course", "class_reference": "CHEM 1312"}, {"type": "course", "class_reference": "CHEM 1316"}]}, {"type": "course", "class_reference": "CHEM 2123"}, {"type": "course", "class_reference": "CHEM 2125"}, {"type": "course", "class_reference": "CHEM 2323"}, {"type": "course", "class_reference": "CHEM 2325"}, {"name": "Choose one", "type": "collection", "required": 2, "courses": [{"type": "course", "class_reference": "MATH 2417"}, {"type": "course", "class_reference": "MATH 2413"}]}, {"name": "Choose one", "type": "collection", "required": 2, "courses": [{"type": "course", "class_reference": "MATH 2419"}, {"type": "course", "class_reference": "MATH 2414"}]}, {"name": "Choose one", "type": "collection", "required": 2, "courses": [{"type": "course", "class_reference": "PHYS 2325"}, {"type": "course", "class_reference": "PHYS 2421"}]}, {"name": "Choose one", "type": "collection", "required": 2, "courses": [{"type": "course", "class_reference": "PHYS 2326"}, {"type": "course", "class_reference": "PHYS 2422"}]}, {"type": "course", "class_reference": "PHYS 2126"}, {"type": "course", "class_reference": "BIOL 2111"}, {"type": "course", "class_reference": "BIOL 2112"}, {"type": "course", "class_reference": "BIOL 2281"}, {"type": "course", "class_reference": "BIOL 2311"}, {"type": "course", "class_reference": "BIOL 2312"}, {"type": "course", "class_reference": "BIOL 3101"}, {"type": "course", "class_reference": "BIOL 3102"}, {"type": "course", "class_reference": "BIOL 3161"}, {"type": "course", "class_reference": "BIOL 3162"}, {"type": "course", "class_reference": "BIOL 3301"}, {"type": "course", "class_reference": "BIOL 3302"}, {"type": "course", "class_reference": "BIOL 3361"}, {"name": "Choose one", "type": "collection", "required": 2, "courses": [{"type": "course", "class_reference": "BIOL 3362"}, {"type": "course", "class_reference": "BIOL 3335"}]}, {"type": "course", "class_reference": "BIOL 3380"}, {"type": "course", "class_reference": "BIOL 4461"}, {"type": "course", "class_reference": "ACCT 2301"}, {"type": "course", "class_reference": "ACCT 2302"}, {"type": "course", "class_reference": "BLAW 2301"}, {"name": "Choose one", "type": "collection", "required": 3, "courses": [{"type": "course", "class_reference": "OPRE 3360"}, {"type": "course", "class_reference": "STAT 2332"}, {"type": "course", "class_reference": "STAT 3360"}]}, {"name": "Choose two of the following:", "type": "collection", "required": 0, "courses": [{"type": "course", "class_reference": "BA 1310"}, {"type": "other", "description": "or ECON 2302 Principles of Microeconomics4, 5"}]}, {"name": "Choose one", "type": "collection", "required": 2, "courses": [{"type": "course", "class_reference": "BA 1320"}, {"type": "course", "class_reference": "ECON 2301"}]}, {"name": "Choose one", "type": "collection", "required": 2, "courses": [{"type": "course", "class_reference": "BCOM 1300"}, {"type": "course", "class_reference": "BCOM 3300"}]}, {"type": "course", "class_reference": "BCOM 4300"}, {"type": "course", "class_reference": "IMS 3310"}, {"type": "course", "class_reference": "FIN 3320"}, {"type": "course", "class_reference": "OPRE 3310"}, {"type": "course", "class_reference": "ITSS 3300"}, {"name": "Choose one", "type": "collection", "required": 2, "courses": [{"type": "course", "class_reference": "OBHR 3330"}, {"type": "course", "class_reference": "OBHR 3310"}]}, {"type": "course", "class_reference": "MKT 3300"}]}]}