{"name": "Bachelor of Science in Molecular Biology", "abbreviation": "Molecular Biology (BS)", "minimum_credit_hours": "120", "subtype": "major", "requirements": [{"type": "collection", "name": "II. Major Requirements: 69-70 semester credit hours", "required": 31, "options": [{"name": "Choose one", "type": "collection", "required": 2, "courses": [{"type": "course", "class_reference": "CHEM 1111"}, {"type": "course", "class_reference": "CHEM 1115"}]}, {"name": "Choose one", "type": "collection", "required": 2, "courses": [{"type": "course", "class_reference": "CHEM 1112"}, {"type": "course", "class_reference": "CHEM 1116"}]}, {"name": "Choose one", "type": "collection", "required": 2, "courses": [{"type": "course", "class_reference": "CHEM 1311"}, {"type": "course", "class_reference": "CHEM 1315"}]}, {"name": "Choose one", "type": "collection", "required": 2, "courses": [{"type": "course", "class_reference": "CHEM 1312"}, {"type": "course", "class_reference": "CHEM 1316"}]}, {"type": "course", "class_reference": "CHEM 2123"}, {"type": "course", "class_reference": "CHEM 2125"}, {"type": "course", "class_reference": "CHEM 2323"}, {"type": "course", "class_reference": "CHEM 2325"}, {"type": "course", "class_reference": "MATH 2417"}, {"type": "course", "class_reference": "MATH 2419"}, {"type": "course", "class_reference": "MATH 2418"}, {"name": "Choose one", "type": "collection", "required": 2, "courses": [{"type": "course", "class_reference": "PHYS 2325"}, {"type": "course", "class_reference": "PHYS 2421"}]}, {"name": "Choose one", "type": "collection", "required": 2, "courses": [{"type": "course", "class_reference": "PHYS 2326"}, {"type": "course", "class_reference": "PHYS 2422"}]}, {"type": "course", "class_reference": "PHYS 2126"}, {"type": "course", "class_reference": "BIOL 2111"}, {"type": "course", "class_reference": "BIOL 2112"}, {"type": "course", "class_reference": "BIOL 2281"}, {"type": "course", "class_reference": "BIOL 2311"}, {"type": "course", "class_reference": "BIOL 2312"}, {"type": "course", "class_reference": "BIOL 3101"}, {"type": "course", "class_reference": "BIOL 3102"}, {"type": "course", "class_reference": "BIOL 3161"}, {"type": "course", "class_reference": "BIOL 3162"}, {"type": "course", "class_reference": "BIOL 3301"}, {"type": "course", "class_reference": "BIOL 3302"}, {"type": "course", "class_reference": "BIOL 3361"}, {"name": "Choose one", "type": "collection", "required": 2, "courses": [{"type": "course", "class_reference": "BIOL 3362"}, {"type": "course", "class_reference": "BIOL 3335"}]}, {"type": "course", "class_reference": "BIOL 3380"}, {"name": "Choose one", "type": "collection", "required": 4, "courses": [{"type": "course", "class_reference": "BIOL 4380"}, {"type": "course", "class_reference": "BIOL 3V96"}, {"type": "course", "class_reference": "BIOL 4399"}, {"type": "course", "class_reference": "BIOL 4391"}]}, {"type": "course", "class_reference": "BIOL 4461"}, {"type": "other", "required": 0, "description": "12 semester credit hours upper-division approved molecular biology-related BIOL or CHEM electives"}]}]}