{"name": "Bachelor of Science in Computer Engineering", "abbreviation": "Computer Engineering (BS)", "minimum_credit_hours": "126", "subtype": "major", "requirements": [{"type": "collection", "name": "II. Major Requirements: 79 semester credit hours", "required": 34, "options": [{"type": "course", "class_reference": "CE 1100"}, {"type": "course", "class_reference": "CE 1202"}, {"type": "course", "class_reference": "CE 1337"}, {"type": "course", "class_reference": "ECS 1100"}, {"type": "course", "class_reference": "ENGR 2300"}, {"type": "course", "class_reference": "CE 2305"}, {"type": "course", "class_reference": "CE 2310"}, {"type": "course", "class_reference": "CE 2336"}, {"type": "course", "class_reference": "MATH 2417"}, {"type": "course", "class_reference": "MATH 2419"}, {"type": "course", "class_reference": "MATH 2420"}, {"type": "course", "class_reference": "PHYS 2125"}, {"type": "course", "class_reference": "PHYS 2126"}, {"type": "course", "class_reference": "PHYS 2325"}, {"type": "course", "class_reference": "PHYS 2326"}, {"type": "course", "class_reference": "CE 3161"}, {"type": "course", "class_reference": "CE 3201"}, {"type": "course", "class_reference": "CE 3202"}, {"type": "course", "class_reference": "ECS 3390"}, {"type": "course", "class_reference": "CE 3301"}, {"type": "course", "class_reference": "CE 3303"}, {"type": "course", "class_reference": "CE 3310"}, {"type": "course", "class_reference": "CE 3311"}, {"type": "course", "class_reference": "CE 3320"}, {"type": "course", "class_reference": "ENGR 3341"}, {"type": "course", "class_reference": "CE 3345"}, {"type": "course", "class_reference": "CE 3354"}, {"type": "course", "class_reference": "CE 4304"}, {"type": "course", "class_reference": "CE 4348"}, {"type": "course", "class_reference": "CE 4370"}, {"type": "course", "class_reference": "CE 4388"}, {"type": "course", "class_reference": "CE 4389"}, {"name": "Select one of the following laboratories:", "type": "collection", "required": 1, "courses": [{"type": "course", "class_reference": "CE 4201"}, {"type": "course", "class_reference": "CE 4202"}, {"type": "course", "class_reference": "CE 4203"}, {"type": "course", "class_reference": "CE 4204"}, {"type": "course", "class_reference": "CE 4205"}]}, {"name": "Students take 9 semester credit hours from any 4000 level course from the list below. Independent Study in Computer Engineering (CE 4V97), Undergraduate Research in Computer Engineering (CE 4V98), or Senior Honors in Computer Engineering (CE 4399) may be used for up to 6 of these hours.", "type": "collection", "required": 3.0, "courses": [{"type": "course", "class_reference": "EE 4325"}, {"type": "course", "class_reference": "EE 4330"}, {"type": "course", "class_reference": "EE 4340"}, {"type": "course", "class_reference": "EE 4342"}, {"type": "course", "class_reference": "EE 4360"}, {"type": "course", "class_reference": "EE 4361"}, {"type": "course", "class_reference": "EE 4363"}, {"type": "course", "class_reference": "EE 4365"}, {"type": "course", "class_reference": "EE 4367"}, {"type": "course", "class_reference": "EE 4371"}, {"type": "course", "class_reference": "CS 4332"}, {"type": "course", "class_reference": "CS 4334"}, {"type": "course", "class_reference": "CS 4337"}, {"type": "course", "class_reference": "CS 4347"}, {"type": "course", "class_reference": "CS 4352"}, {"type": "course", "class_reference": "CS 4361"}, {"type": "course", "class_reference": "CS 4365"}, {"type": "course", "class_reference": "CS 4375"}, {"type": "course", "class_reference": "CS 4384"}, {"type": "course", "class_reference": "CS 4389"}, {"type": "course", "class_reference": "CS 4390"}, {"type": "course", "class_reference": "CS 4392"}, {"type": "course", "class_reference": "CS 4393"}, {"type": "course", "class_reference": "CS 4398"}]}]}]}