{"name": "Bachelor of Arts in Visual and Performing Arts with Theatre Concentration", "abbreviation": "Visual and Performing Arts with Theatre Concentration (BA)", "minimum_credit_hours": "120", "subtype": "major", "requirements": [{"type": "collection", "name": "II. Major Requirements, Lower-Division: 6 semester credit hours beyond Core Curriculum", "required": 3, "options": [{"type": "course", "class_reference": "THEA 1310"}, {"name": "3 semester credit hours from a THEA studio course, including:", "type": "collection", "required": 1.0, "courses": [{"type": "course", "class_reference": "THEA 1351"}, {"type": "course", "class_reference": "THEA 1352"}, {"type": "course", "class_reference": "THEA 2311"}, {"type": "course", "class_reference": "THEA 2364"}, {"type": "course", "class_reference": "THEA 2371"}, {"type": "course", "class_reference": "THEA 2372"}, {"type": "course", "class_reference": "THEA 2373"}, {"type": "course", "class_reference": "THEA 2V71"}, {"type": "course", "class_reference": "THEA 2350"}]}, {"type": "other", "required": 0, "description": "3 semester credit hours from a THEA/DANC/MUSI studio ensemble course"}]}, {"type": "collection", "name": "III. Major Requirements, Upper-Division: 39 semester credit hours", "required": 13, "options": [{"type": "course", "class_reference": "VPAS 3340"}, {"type": "course", "class_reference": "VPAS 4389"}, {"type": "course", "class_reference": "VPAS 4390"}, {"name": "Select 3 semester credit hours of Related Courses from the following:", "type": "collection", "required": 1.0, "courses": [{"type": "course", "class_reference": "ARHM 3342"}, {"type": "course", "class_reference": "VPAS 3300"}, {"type": "other", "description": "Or Related Upper-Level Course from the School of Arts and Humanities4"}]}, {"name": "Select 3 semester credit hours of Professional Development Courses from the following:", "type": "collection", "required": 1.0, "courses": [{"type": "course", "class_reference": "ARTS 3311"}, {"type": "course", "class_reference": "ARTS 4310"}, {"type": "course", "class_reference": "COMM 4370"}, {"type": "course", "class_reference": "COMM 4371"}, {"type": "course", "class_reference": "ENTP 3301"}, {"type": "course", "class_reference": "ISAH 4V50"}, {"type": "course", "class_reference": "VPAS 4310"}]}, {"type": "course", "class_reference": "THEA 3323"}, {"name": "Choose one", "type": "collection", "required": 2, "courses": [{"type": "course", "class_reference": "THEA 3310"}, {"type": "course", "class_reference": "3 semester"}]}, {"name": "3 semester credit hours from the following:", "type": "collection", "required": 1.0, "courses": [{"type": "course", "class_reference": "THEA 3342"}, {"type": "course", "class_reference": "THEA 3324"}]}, {"name": "3 semester credit hours from the following:", "type": "collection", "required": 1.0, "courses": [{"type": "course", "class_reference": "THEA 3380"}, {"type": "course", "class_reference": "THEA 3352"}, {"type": "other", "description": "or upper-division THEA course"}]}, {"type": "other", "required": 0, "description": "3 semester credit hours of upper-level THEA courses"}, {"type": "other", "required": 0, "description": "3 semester credit hours of 4000-level THEA courses"}, {"type": "other", "required": 0, "description": "3 semester credit hours of upper-division THEA/DANC/MUSI courses"}, {"type": "other", "required": 0, "description": "3 semester credit hours of upper-division Visual and Performing Arts elective"}]}]}