{"name": "Bachelor of Science in Supply Chain Management", "abbreviation": "Supply Chain Management (BS)", "minimum_credit_hours": "120", "subtype": "major", "requirements": [{"type": "collection", "name": "II. Major Requirements: 72-75 semester credit hours", "required": 38, "options": [{"type": "course", "class_reference": "ACCT 2301"}, {"type": "course", "class_reference": "ACCT 2302"}, {"type": "course", "class_reference": "BLAW 2301"}, {"type": "course", "class_reference": "MATH 1325"}, {"name": "Choose one", "type": "collection", "required": 2, "courses": [{"type": "course", "class_reference": "MATH 1326"}, {"type": "course", "class_reference": "OPRE 3340"}]}, {"name": "Choose one", "type": "collection", "required": 2, "courses": [{"type": "course", "class_reference": "OPRE 3333"}, {"type": "course", "class_reference": "MATH 2333"}]}, {"name": "Choose one", "type": "collection", "required": 2, "courses": [{"type": "course", "class_reference": "STAT 3360"}, {"type": "course", "class_reference": "OPRE 3360"}]}, {"name": "Choose two of the following:7", "type": "collection", "required": 0, "courses": [{"type": "course", "class_reference": "BA 1310"}, {"type": "course", "class_reference": "BA 1320"}, {"type": "course", "class_reference": "ECON 2301"}, {"type": "course", "class_reference": "ECON 2302"}]}, {"name": "Choose one", "type": "collection", "required": 2, "courses": [{"type": "course", "class_reference": "BCOM 1300"}, {"type": "course", "class_reference": "BCOM 3300"}]}, {"type": "course", "class_reference": "BCOM 4300"}, {"type": "course", "class_reference": "IMS 3310"}, {"type": "course", "class_reference": "FIN 3320"}, {"type": "course", "class_reference": "ITSS 3300"}, {"type": "course", "class_reference": "OPRE 3310"}, {"name": "Choose one", "type": "collection", "required": 2, "courses": [{"type": "course", "class_reference": "OBHR 3330"}, {"type": "course", "class_reference": "OBHR 3310"}]}, {"type": "course", "class_reference": "MKT 3300"}, {"name": "Choose one", "type": "collection", "required": 3, "courses": [{"type": "course", "class_reference": "OPRE 4395"}, {"type": "course", "class_reference": "BPS 4395"}, {"type": "course", "class_reference": "ENTP 4395"}]}, {"name": "Choose six courses from the following seven courses:", "type": "collection", "required": 0, "courses": [{"type": "course", "class_reference": "OPRE 3320"}, {"type": "course", "class_reference": "OPRE 3330"}, {"type": "course", "class_reference": "OPRE 4310"}, {"type": "course", "class_reference": "OPRE 4320"}, {"type": "course", "class_reference": "OPRE 4330"}, {"type": "course", "class_reference": "OPRE 4340"}, {"type": "course", "class_reference": "OPRE 4362"}]}, {"name": "A practicum experience of at least 160 working hours is required; the student has the option of zero to 3 semester credit hours, depending on the particular internship, and preference for additional electives.", "type": "collection", "required": 0, "courses": [{"type": "course", "class_reference": "OPRE 4V90"}, {"type": "course", "class_reference": "OPRE 4090"}, {"type": "course", "class_reference": "BA 4090"}]}, {"name": "A community engagement experience is required; the student has the option of zero or 3 semester credit hours, depending on the particular experience, and preference for additional electives.", "type": "collection", "required": 4, "courses": [{"type": "course", "class_reference": "IMS 4335"}, {"type": "other", "description": "or ENTP 4340 Social Sector Entrepreneurship and Community Engagement"}, {"type": "course", "class_reference": "MKT 4360"}, {"type": "course", "class_reference": "BA 4095"}]}, {"type": "other", "required": 0, "description": "The BS SCM degree program offers students the opportunity to focus in a specific track to obtain in-depth knowledge in a specific business area depending on their interests. Students may choose at least 9 semester credit hours from one of the following tracks, or students may choose the General Track to fulfill remaining Guided Elective semester credit hours:"}, {"type": "course", "class_reference": "OPRE 4350"}, {"type": "course", "class_reference": "ITSS 4340"}, {"type": "course", "class_reference": "MKT 4330"}, {"type": "course", "class_reference": "MKT 3330"}, {"type": "course", "class_reference": "OBHR 4352"}, {"type": "course", "class_reference": "OBHR 4354"}, {"type": "course", "class_reference": "MKT 3320"}, {"type": "course", "class_reference": "OPRE 4350"}, {"type": "course", "class_reference": "OPRE 4353"}, {"type": "course", "class_reference": "OPRE 4337"}, {"type": "course", "class_reference": "MKT 4341"}, {"type": "course", "class_reference": "OPRE 4345"}, {"type": "course", "class_reference": "IMS 4310"}, {"type": "course", "class_reference": "BPS 4305"}, {"type": "course", "class_reference": "OPRE 4362"}, {"type": "other", "required": 0, "description": "Any OPRE upper-division courses that are not part of the BS SCM major preparatory, major core, or major related courses may be used to satisfy the required hours of guided elective credit. Students may also choose any course from the tracks listed above to satisfy the required hours of guided elective credit."}, {"type": "other", "description": "All prerequisites must be met."}]}]}