{"name": "Bachelor of Science in Mathematics", "abbreviation": null, "minimum_credit_hours": "120", "subtype": "major", "requirements": [{"type": "collection", "name": "II. Major Requirements: 48-49 semester credit hours", "required": 18, "options": [{"name": "Choose one", "type": "collection", "required": 2, "courses": [{"type": "course", "class_reference": "PHYS 2325"}, {"type": "course", "class_reference": "PHYS 2421"}]}, {"name": "Choose one", "type": "collection", "required": 2, "courses": [{"type": "course", "class_reference": "PHYS 2326"}, {"type": "course", "class_reference": "PHYS 2422"}]}, {"type": "course", "class_reference": "PHYS 2126"}, {"type": "course", "class_reference": "MATH 2306"}, {"name": "Choose one", "type": "collection", "required": 3, "courses": [{"type": "course", "class_reference": "MATH 2370"}, {"type": "course", "class_reference": "CS 1325"}, {"type": "course", "class_reference": "CS 1337"}]}, {"type": "course", "class_reference": "MATH 2417"}, {"type": "course", "class_reference": "MATH 2418"}, {"type": "course", "class_reference": "MATH 2419"}, {"type": "course", "class_reference": "MATH 2420"}, {"type": "course", "class_reference": "MATH 3310"}, {"type": "course", "class_reference": "MATH 3311"}, {"type": "course", "class_reference": "MATH 3380"}, {"type": "course", "class_reference": "MATH 3323"}, {"type": "course", "class_reference": "MATH 3379"}, {"type": "course", "class_reference": "MATH 3351"}, {"type": "course", "class_reference": "STAT 4351"}, {"type": "course", "class_reference": "STAT 4352"}, {"type": "other", "required": 0, "description": "Nine semester credit hours of upper-division MATH, STAT or ACTS courses, at least six of which must be MATH courses at the 4000-level. These courses cannot include those for which the catalog entry states: May not be used to satisfy mathematics requirements by students in Mathematics."}]}]}