{"name": "Bachelor of Science in Physics", "abbreviation": null, "minimum_credit_hours": "120", "subtype": "major", "requirements": [{"type": "collection", "name": "II. Major Requirements: 66-68 semester credit hours", "required": 23, "options": [{"name": "Choose one", "type": "collection", "required": 2, "courses": [{"type": "course", "class_reference": "CHEM 1111"}, {"type": "course", "class_reference": "CHEM 1115"}]}, {"name": "Choose one", "type": "collection", "required": 2, "courses": [{"type": "course", "class_reference": "CHEM 1112"}, {"type": "course", "class_reference": "CHEM 1116"}]}, {"name": "Choose one", "type": "collection", "required": 2, "courses": [{"type": "course", "class_reference": "CHEM 1311"}, {"type": "course", "class_reference": "CHEM 1315"}]}, {"name": "Choose one", "type": "collection", "required": 2, "courses": [{"type": "course", "class_reference": "CHEM 1312"}, {"type": "course", "class_reference": "CHEM 1316"}]}, {"name": "Choose one", "type": "collection", "required": 2, "courses": [{"type": "course", "class_reference": "MATH 2413"}, {"type": "course", "class_reference": "MATH 2417"}]}, {"name": "Choose one", "type": "collection", "required": 2, "courses": [{"type": "course", "class_reference": "MATH 2414"}, {"type": "course", "class_reference": "MATH 2419"}]}, {"name": "Choose one", "type": "collection", "required": 2, "courses": [{"type": "course", "class_reference": "MATH 2415"}, {"type": "course", "class_reference": "MATH 3351"}]}, {"type": "course", "class_reference": "MATH 2418"}, {"type": "course", "class_reference": "MATH 2420"}, {"type": "course", "class_reference": "PHYS 1100"}, {"type": "course", "class_reference": "PHYS 2303"}, {"name": "Choose one", "type": "collection", "required": 2, "courses": [{"type": "course", "class_reference": "PHYS 2325"}, {"type": "course", "class_reference": "PHYS 2421"}]}, {"name": "Choose one", "type": "collection", "required": 2, "courses": [{"type": "course", "class_reference": "PHYS 2326"}, {"type": "course", "class_reference": "PHYS 2422"}]}, {"type": "course", "class_reference": "PHYS 3312"}, {"type": "course", "class_reference": "PHYS 3427"}, {"type": "course", "class_reference": "PHYS 3330"}, {"type": "course", "class_reference": "PHYS 3411"}, {"type": "course", "class_reference": "PHYS 3416"}, {"type": "course", "class_reference": "PHYS 4311"}, {"type": "course", "class_reference": "PHYS 4373"}, {"type": "course", "class_reference": "PHYS 4398"}, {"name": "Choose one Physics Elective course from the following:", "type": "collection", "required": 1, "courses": [{"type": "course", "class_reference": "PHYS 3380"}, {"type": "course", "class_reference": "PHYS 4301"}, {"type": "course", "class_reference": "PHYS 4302"}, {"type": "course", "class_reference": "PHYS 4352"}, {"type": "course", "class_reference": "PHYS 4371"}, {"type": "course", "class_reference": "PHYS 4386"}, {"type": "course", "class_reference": "PHYS 4392"}, {"type": "course", "class_reference": "PHYS 4V07"}, {"type": "course", "class_reference": "PHYS 4V10"}, {"type": "course", "class_reference": "PHYS 4V11"}]}, {"type": "other", "required": 0, "description": "12 semester credit hours of upper-division Science Electives"}]}]}