{"name": "Bachelor of Arts in Arts, Technology, and Emerging Communication", "abbreviation": "Arts, Technology, and Emerging Communication with Emerging Media Arts Concentration (BA)", "minimum_credit_hours": "120", "subtype": "major", "requirements": [{"type": "collection", "name": "II. Major Requirements, Lower-Division: 24 semester credit hours", "required": 6, "options": [{"type": "course", "class_reference": "ATCM 2300"}, {"type": "course", "class_reference": "ATCM 2301"}, {"type": "course", "class_reference": "ATCM 2302"}, {"type": "course", "class_reference": "CS 1335"}, {"name": "Choose two courses from the following:", "type": "collection", "required": 0, "courses": [{"type": "course", "class_reference": "ATCM 2340"}, {"type": "course", "class_reference": "ATCM 2345"}, {"type": "course", "class_reference": "ATCM 2350"}, {"type": "course", "class_reference": "ATCM 2355"}]}, {"name": "Choose one course from the following:", "type": "collection", "required": 1, "courses": [{"type": "course", "class_reference": "ATCM 2322"}, {"type": "course", "class_reference": "ATCM 2343"}]}]}, {"type": "collection", "name": "III. Major Requirements, Upper-Division: 24 semester credit hours", "required": 5, "options": [{"type": "course", "class_reference": "ATCM 3301"}, {"type": "course", "class_reference": "ATCM 4384"}, {"name": "Choose three courses from the following:", "type": "collection", "required": 0, "courses": [{"type": "course", "class_reference": "ATCM 3345"}, {"type": "course", "class_reference": "ATCM 3346"}, {"type": "course", "class_reference": "ATCM 3350"}, {"type": "course", "class_reference": "ATCM 3355"}, {"type": "course", "class_reference": "ATCM 3356"}, {"type": "course", "class_reference": "ATCM 3357"}]}, {"name": "Choose two courses from the following:", "type": "collection", "required": 0, "courses": [{"type": "course", "class_reference": "ATCM 4330"}, {"type": "course", "class_reference": "ATCM 4346"}, {"type": "course", "class_reference": "ATCM 4350"}, {"type": "course", "class_reference": "ATCM 4351"}, {"type": "course", "class_reference": "ATCM 4357"}]}, {"name": "Choose one from the following:", "type": "collection", "required": 1, "courses": [{"type": "course", "class_reference": "ATCM 4397"}, {"type": "course", "class_reference": "ATCM 4398"}, {"type": "course", "class_reference": "ATCM 4399"}]}]}]}