{"name": "Bachelor of Science in Public Policy", "abbreviation": "Public Policy (BS)", "minimum_credit_hours": "120", "subtype": "major", "requirements": [{"type": "collection", "name": "II. Major Requirements: 54 semester credit hours", "required": 16, "options": [{"name": "Choose one", "type": "collection", "required": 3, "courses": [{"type": "course", "class_reference": "MATH 1325"}, {"type": "course", "class_reference": "MATH 2413"}, {"type": "course", "class_reference": "MATH 2417"}]}, {"type": "course", "class_reference": "ECON 2301"}, {"type": "course", "class_reference": "EPPS 2301"}, {"type": "course", "class_reference": "EPPS 2302"}, {"type": "course", "class_reference": "ECON 2302"}, {"type": "course", "class_reference": "ECON 3310"}, {"type": "course", "class_reference": "ECON 3311"}, {"type": "course", "class_reference": "GEOG 3304"}, {"type": "course", "class_reference": "PSCI 3325"}, {"type": "course", "class_reference": "PSCI 3322"}, {"type": "course", "class_reference": "PSCI 4343"}, {"type": "course", "class_reference": "PSCI 3362"}, {"type": "course", "class_reference": "PPOL 4300"}, {"name": "Choose one", "type": "collection", "required": 2, "courses": [{"type": "course", "class_reference": "PPOL 4398"}, {"type": "course", "class_reference": "PPOL 4V91"}]}, {"name": "Choose eight courses from the following:", "type": "collection", "required": 0, "courses": [{"type": "course", "class_reference": "CRIM 4311"}, {"type": "course", "class_reference": "ECON 3315"}, {"type": "course", "class_reference": "ECON 3330"}, {"type": "course", "class_reference": "ECON 3336"}, {"type": "course", "class_reference": "ECON 4320"}, {"type": "course", "class_reference": "ECON 4336"}, {"type": "course", "class_reference": "ECON 4332"}, {"type": "course", "class_reference": "GEOG 3377"}, {"type": "course", "class_reference": "GISC 4384"}, {"type": "course", "class_reference": "IPEC 4301"}, {"type": "course", "class_reference": "IPEC 4305"}, {"type": "course", "class_reference": "IPEC 4309"}, {"type": "course", "class_reference": "IPEC 4310"}, {"type": "course", "class_reference": "IPEC 4384"}, {"type": "course", "class_reference": "PSCI 3310"}, {"type": "course", "class_reference": "PSCI 3326"}, {"type": "course", "class_reference": "PSCI 3323"}, {"type": "course", "class_reference": "PSCI 4304"}, {"type": "course", "class_reference": "PSCI 4305"}, {"type": "course", "class_reference": "PSCI 4307"}, {"type": "course", "class_reference": "PSCI 4370"}, {"type": "course", "class_reference": "SOC 4386"}, {"type": "course", "class_reference": "PPOL 4396"}, {"type": "course", "class_reference": "PPOL 4398"}, {"type": "course", "class_reference": "PPOL 4V91"}, {"type": "course", "class_reference": "PPOL 4V96"}, {"type": "course", "class_reference": "PPOL 4V99"}, {"type": "course", "class_reference": "PA 3380"}, {"type": "course", "class_reference": "PA 4351"}, {"type": "course", "class_reference": "PA 4355"}]}, {"type": "other", "description": "Other Classes as approved by Program Head"}]}]}