{"name": "Bachelor of Arts in Biology and Criminology (Double Major)", "abbreviation": null, "minimum_credit_hours": "134-137", "subtype": "major", "requirements": [{"type": "collection", "name": "II. Major Requirements: 77-80 semester credit hours", "required": 41, "options": [{"name": "Choose one", "type": "collection", "required": 2, "courses": [{"type": "course", "class_reference": "CHEM 1111"}, {"type": "course", "class_reference": "CHEM 1115"}]}, {"name": "Choose one", "type": "collection", "required": 2, "courses": [{"type": "course", "class_reference": "CHEM 1112"}, {"type": "course", "class_reference": "CHEM 1116"}]}, {"name": "Choose one", "type": "collection", "required": 2, "courses": [{"type": "course", "class_reference": "CHEM 1311"}, {"type": "course", "class_reference": "CHEM 1315"}]}, {"name": "Choose one", "type": "collection", "required": 2, "courses": [{"type": "course", "class_reference": "CHEM 1312"}, {"type": "course", "class_reference": "CHEM 1316"}]}, {"type": "course", "class_reference": "CHEM 2123"}, {"type": "course", "class_reference": "CHEM 2125"}, {"type": "course", "class_reference": "CHEM 2323"}, {"type": "course", "class_reference": "CHEM 2325"}, {"name": "Choose one", "type": "collection", "required": 4, "courses": [{"type": "course", "class_reference": "MATH 2413"}, {"type": "course", "class_reference": "MATH 1325"}, {"type": "course", "class_reference": "STAT 2332"}, {"type": "course", "class_reference": "EPPS 2302"}]}, {"name": "Choose one", "type": "collection", "required": 3, "courses": [{"type": "course", "class_reference": "PHYS 2325"}, {"type": "course", "class_reference": "PHYS 2421"}, {"type": "course", "class_reference": "PHYS 1301"}]}, {"name": "Choose one", "type": "collection", "required": 3, "courses": [{"type": "course", "class_reference": "PHYS 2326"}, {"type": "course", "class_reference": "PHYS 2422"}, {"type": "course", "class_reference": "PHYS 1302"}]}, {"type": "course", "class_reference": "BIOL 2111"}, {"type": "course", "class_reference": "BIOL 2112"}, {"type": "course", "class_reference": "BIOL 2281"}, {"type": "course", "class_reference": "BIOL 2311"}, {"type": "course", "class_reference": "BIOL 2312"}, {"type": "course", "class_reference": "BIOL 3101"}, {"type": "course", "class_reference": "BIOL 3102"}, {"type": "course", "class_reference": "BIOL 3161"}, {"type": "course", "class_reference": "BIOL 3162"}, {"type": "course", "class_reference": "BIOL 3301"}, {"type": "course", "class_reference": "BIOL 3302"}, {"type": "course", "class_reference": "BIOL 3318"}, {"type": "course", "class_reference": "BIOL 3361"}, {"name": "Choose one", "type": "collection", "required": 2, "courses": [{"type": "course", "class_reference": "BIOL 3362"}, {"type": "course", "class_reference": "BIOL 3335"}]}, {"type": "course", "class_reference": "BIOL 3380"}, {"type": "course", "class_reference": "CRIM 1301"}, {"type": "course", "class_reference": "CRIM 1307"}, {"name": "Choose one", "type": "collection", "required": 2, "courses": [{"type": "course", "class_reference": "ECON 2301"}, {"type": "course", "class_reference": "ECON 2302"}]}, {"type": "course", "class_reference": "CRIM 3300"}, {"type": "course", "class_reference": "CRIM 3302"}, {"type": "course", "class_reference": "CRIM 3303"}, {"type": "course", "class_reference": "CRIM 3310"}, {"type": "course", "class_reference": "CRIM 4311"}, {"type": "course", "class_reference": "CRIM 4322"}, {"type": "other", "description": "And "}, {"type": "other", "description": "Distributive Justice Focus"}, {"name": "Choose one course from the following (3 semester credit hours):", "type": "collection", "required": 1, "courses": [{"type": "course", "class_reference": "CRIM 3301"}, {"type": "course", "class_reference": "ECON 4330"}, {"type": "course", "class_reference": "SOC 4302"}]}, {"type": "other", "description": "And "}, {"type": "other", "description": "International or Comparative Focus"}, {"name": "Choose one course from the following (3 semester credit hours):", "type": "collection", "required": 1, "courses": [{"type": "course", "class_reference": "CRIM 3319"}, {"type": "course", "class_reference": "ECON 4360"}, {"type": "course", "class_reference": "PSCI 3350"}]}]}]}