{"name": "Bachelor of Science in Global Business", "abbreviation": "Global Business (BS)", "minimum_credit_hours": "120", "subtype": "major", "requirements": [{"type": "collection", "name": "II. Major Requirements: 60 semester credit hours", "required": 23, "options": [{"type": "course", "class_reference": "ACCT 2301"}, {"type": "course", "class_reference": "ACCT 2302"}, {"type": "course", "class_reference": "BLAW 2301"}, {"type": "course", "class_reference": "MATH 1325"}, {"name": "Choose one", "type": "collection", "required": 2, "courses": [{"type": "course", "class_reference": "STAT 3360"}, {"type": "course", "class_reference": "OPRE 3360"}]}, {"name": "Choose two of the following:8", "type": "collection", "required": 0, "courses": [{"type": "course", "class_reference": "BA 1310"}, {"type": "course", "class_reference": "BA 1320"}, {"type": "course", "class_reference": "ECON 2301"}, {"type": "course", "class_reference": "ECON 2302"}]}, {"name": "Choose one", "type": "collection", "required": 2, "courses": [{"type": "course", "class_reference": "BCOM 1300"}, {"type": "course", "class_reference": "BCOM 3300"}]}, {"type": "course", "class_reference": "BCOM 4300"}, {"type": "course", "class_reference": "IMS 3310"}, {"type": "course", "class_reference": "FIN 3320"}, {"type": "course", "class_reference": "ITSS 3300"}, {"type": "course", "class_reference": "OPRE 3310"}, {"name": "Choose one", "type": "collection", "required": 2, "courses": [{"type": "course", "class_reference": "OBHR 3330"}, {"type": "course", "class_reference": "OBHR 3310"}]}, {"type": "course", "class_reference": "MKT 3300"}, {"type": "course", "class_reference": "IMS 4320"}, {"type": "course", "class_reference": "FIN 3380"}, {"type": "course", "class_reference": "IMS 4330"}, {"type": "course", "class_reference": "IMS 4373"}, {"type": "course", "class_reference": "BLAW 4301"}, {"name": "Choose one", "type": "collection", "required": 3, "courses": [{"type": "course", "class_reference": "IMS 4395"}, {"type": "course", "class_reference": "BPS 4395"}, {"type": "course", "class_reference": "ENTP 4395"}]}, {"type": "other", "required": 0, "description": "Six semester credit hours of the same foreign language."}, {"type": "other", "description": "Students are strongly encouraged to meet with their Program Director every semester to discuss their progress, career interests, and international experiences."}, {"type": "other", "description": "At the 45 semester-hour audit, students are required to meet with Advising and declare a double major within major, a concentration, or a minor, if they have not already done so."}]}]}