{"name": "Bachelor of Science in Interdisciplinary Studies", "abbreviation": null, "minimum_credit_hours": "120", "subtype": "major", "requirements": [{"type": "collection", "name": "II. Major Requirements: 60 semester credit hours beyond Core Curriculum", "required": 10, "options": [{"name": "Choose one", "type": "collection", "required": 2, "courses": [{"type": "course", "class_reference": "MATH 1306"}, {"type": "course", "class_reference": "MATH 1314"}]}, {"type": "course", "class_reference": "BIS 3320"}, {"type": "course", "class_reference": "Two 3"}, {"type": "course", "class_reference": "One 3"}, {"type": "course", "class_reference": "Two 3"}, {"type": "other", "required": 0, "description": "Two Foundations: 12 semester credit hours each (24 semester credit hours)"}, {"type": "other", "description": "The two foundations are drawn from School of Arts and Humanities, School of Arts, Technology, and Emerging Communication, School of Behavioral and Brain Sciences, Erik Jonsson School of Engineering and Computer Science, School of Economic, Political and Policy Sciences, School of Interdisciplinary Studies, Naveen Jindal School of Management, and School of Natural Sciences and Mathematics."}, {"type": "other", "required": 0, "description": "One Concentration: 18 semester credit hours"}, {"type": "other", "required": 0, "description": "Each student devises, in consultation with his/her advisor, the topic for the Concentration and selects 18 semester credit hours of coursework related to the topic, drawn from at least three academic disciplines."}, {"type": "other", "required": 0, "description": "Appropriate IS coursework may be selected."}]}]}