{"name": "Bachelor of Arts in Visual and Performing Arts with Dance Concentration", "abbreviation": "Visual and Performing Arts with Dance Concentration (BA)", "minimum_credit_hours": "120", "subtype": "major", "requirements": [{"type": "collection", "name": "II. Major Requirements, Lower-Division: 6 semester credit hours beyond Core Curriculum", "required": 3, "options": [{"name": "0 semester credit hours beyond Core Curriculum from the following:", "type": "collection", "required": 0.0, "courses": [{"type": "course", "class_reference": "DANC 1310"}, {"type": "course", "class_reference": "DANC 1305"}]}, {"type": "other", "required": 0, "description": "3 semester credit hours from a DANC studio"}, {"type": "other", "required": 0, "description": "3 semester credit hours from a DANC/THEA/MUSI studio ensemble course"}]}, {"type": "collection", "name": "III. Major Requirements, Upper-Division: 39 semester credit hours", "required": 8, "options": [{"type": "course", "class_reference": "VPAS 3340"}, {"type": "course", "class_reference": "VPAS 4389"}, {"type": "course", "class_reference": "VPAS 4390"}, {"name": "Select 3 semester credit hours of Related Courses from the following:", "type": "collection", "required": 1.0, "courses": [{"type": "course", "class_reference": "ARHM 3342"}, {"type": "course", "class_reference": "VPAS 3300"}, {"type": "other", "description": "Or Related Upper-Level Course from the School of Arts and Humanities4"}]}, {"name": "Select 3 semester credit hours of Professional Development Courses from the following:", "type": "collection", "required": 1.0, "courses": [{"type": "course", "class_reference": "ARTS 3311"}, {"type": "course", "class_reference": "ARTS 4310"}, {"type": "course", "class_reference": "COMM 4370"}, {"type": "course", "class_reference": "COMM 4371"}, {"type": "course", "class_reference": "ENTP 3301"}, {"type": "course", "class_reference": "ISAH 4V50"}, {"type": "course", "class_reference": "VPAS 4310"}]}, {"name": "Choose one", "type": "collection", "required": 2, "courses": [{"type": "course", "class_reference": "DANC 3340"}, {"type": "course", "class_reference": "Upper-Level Visual"}]}, {"name": "12 semester credit hours of 3000/4000-level Dance Studio and Ensemble courses", "type": "collection", "required": 4.0, "courses": [{"type": "course", "class_reference": "DANC 3347"}, {"type": "course", "class_reference": "DANC 3345"}, {"type": "other", "description": "or DANC 4317 Dance Performance 2"}]}, {"type": "other", "required": 0, "description": "3 semester credit hours of upper-division Visual and Performing Arts elective"}]}]}