{"name": "Bachelor of Arts in Visual and Performing Arts", "abbreviation": "Visual and Performing Arts with Interdisciplinary Arts Concentration (BA)", "minimum_credit_hours": "120", "subtype": "major", "requirements": [{"type": "collection", "name": "II. Major Requirements, Lower-Division: 0 semester credit hours beyond Core Curriculum4", "required": 2, "options": [{"type": "other", "required": 0, "description": "3 semester credit hours of lower-division AHST, ARTS, COMM, FILM, DANC, MUSI, or THEA courses."}, {"type": "other", "required": 0, "description": "3 semester credit hours of lower-division AHST, ARTS, COMM, FILM, DANC, MUSI, or THEA courses.5"}]}, {"type": "collection", "name": "III. Major Requirements, Upper-Division: 45 semester credit hours", "required": 7, "options": [{"type": "course", "class_reference": "VPAS 3340"}, {"type": "course", "class_reference": "VPAS 4389"}, {"type": "course", "class_reference": "VPAS 4390"}, {"name": "Select 3 semester credit hours of Related Courses from the following:", "type": "collection", "required": 1.0, "courses": [{"type": "course", "class_reference": "ARHM 3342"}, {"type": "course", "class_reference": "VPAS 3300"}, {"type": "other", "description": "Or Related Upper-Level Course from the School of Arts and Humanities6"}]}, {"name": "Select 3 semester credit hours of Professional Development Courses from the following:", "type": "collection", "required": 1.0, "courses": [{"type": "course", "class_reference": "VPAS 4310"}, {"type": "course", "class_reference": "ARTS 3311"}, {"type": "course", "class_reference": "ARTS 4310"}, {"type": "course", "class_reference": "COMM 4370"}, {"type": "course", "class_reference": "COMM 4371"}, {"type": "course", "class_reference": "ENTP 3301"}, {"type": "course", "class_reference": "ISAH 4V50"}, {"type": "course", "class_reference": "VPAS 4310"}]}, {"type": "other", "required": 0, "description": "Select 15 semester credit hours of upper-division AHST, ARTS, COMM, FILM, DANC, MUSI, or THEA courses.7, 8"}, {"type": "other", "required": 0, "description": "Select 3 semester credit hours of upper-division AHST, ARTS, COMM, FILM, DANC, MUSI, or THEA courses.5, 7, 8"}]}]}