{"name": "Bachelor of Arts in Visual and Performing Arts with Communication Concentration", "abbreviation": "Visual and Performing Arts with Communication Concentration (BA)", "minimum_credit_hours": "120", "subtype": "major", "requirements": [{"type": "collection", "name": "II. Major Requirements, Lower-Division: 0 semester credit hours beyond Core Curriculum4", "required": 2, "options": [{"name": "Choose one course from the following: (0 semester credit hours beyond Core Curriculum)", "type": "collection", "required": 1, "courses": [{"type": "course", "class_reference": "AHST 1303"}, {"type": "course", "class_reference": "AHST 1304"}, {"type": "course", "class_reference": "AHST 2331"}, {"type": "course", "class_reference": "ARTS 1301"}, {"type": "course", "class_reference": "DANC 1305"}, {"type": "course", "class_reference": "DANC 1310"}, {"type": "course", "class_reference": "FILM 1303"}, {"type": "course", "class_reference": "THEA 1310"}, {"type": "course", "class_reference": "FILM 2332"}, {"type": "course", "class_reference": "MUSI 1306"}, {"type": "course", "class_reference": "MUSI 2322"}]}, {"name": "Lower-division preparatory courses from one of the following (3 semester credit hours):", "type": "collection", "required": 1, "courses": [{"type": "course", "class_reference": "COMM 1320"}, {"type": "course", "class_reference": "COMM 1315"}, {"type": "course", "class_reference": "COMM 2314"}, {"type": "course", "class_reference": "COMM 2317"}, {"type": "course", "class_reference": "THEA 1351"}, {"type": "course", "class_reference": "THEA 1352"}, {"type": "course", "class_reference": "THEA 2372"}, {"type": "course", "class_reference": "THEA 2373"}]}]}, {"type": "collection", "name": "III. Major Requirements, Upper-Division: 39 semester credit hours", "required": 9, "options": [{"type": "course", "class_reference": "VPAS 3340"}, {"type": "course", "class_reference": "VPAS 4389"}, {"type": "course", "class_reference": "VPAS 4390"}, {"name": "Select 3 semester credit hours of Related Courses from the following:", "type": "collection", "required": 1.0, "courses": [{"type": "course", "class_reference": "ARHM 3342"}, {"type": "course", "class_reference": "VPAS 3300"}, {"type": "other", "description": "Or Related Upper-Level Course from the School of Arts and Humanities4"}]}, {"name": "Select 3 semester credit hours of Professional Development Courses from the following:", "type": "collection", "required": 1.0, "courses": [{"type": "course", "class_reference": "ARTS 3311"}, {"type": "course", "class_reference": "ARTS 4310"}, {"type": "course", "class_reference": "COMM 4370"}, {"type": "course", "class_reference": "COMM 4371"}, {"type": "course", "class_reference": "ENTP 3301"}, {"type": "course", "class_reference": "ISAH 4V50"}, {"type": "course", "class_reference": "VPAS 4310"}]}, {"type": "course", "class_reference": "COMM 3351"}, {"type": "course", "class_reference": "COMM 4360"}, {"type": "course", "class_reference": "COMM 4314"}, {"name": "Choose 6 semester credit hours of upper-division courses from the following Communication Performance courses:", "type": "collection", "required": 2.0, "courses": [{"type": "course", "class_reference": "COMM 3320"}, {"type": "course", "class_reference": "COMM 3321"}, {"type": "course", "class_reference": "COMM 3340"}, {"type": "course", "class_reference": "THEA 3372"}, {"type": "course", "class_reference": "And 9"}]}]}]}