{"name": "Bachelor of Arts in Criminology", "abbreviation": "Criminology (BA)", "minimum_credit_hours": "120", "subtype": "major", "requirements": [{"type": "collection", "name": "II. Major Requirements: 60 semester credit hours", "required": 17, "options": [{"type": "course", "class_reference": "CRIM 1301"}, {"type": "course", "class_reference": "CRIM 1307"}, {"type": "course", "class_reference": "CRIM 2306"}, {"type": "course", "class_reference": "CRIM 2313"}, {"type": "course", "class_reference": "CRIM 2316"}, {"type": "course", "class_reference": "CRIM 2317"}, {"type": "course", "class_reference": "EPPS 2301"}, {"type": "course", "class_reference": "EPPS 2302"}, {"type": "course", "class_reference": "CRIM 3300"}, {"type": "course", "class_reference": "CRIM 3302"}, {"type": "course", "class_reference": "CRIM 3303"}, {"type": "course", "class_reference": "CRIM 3310"}, {"type": "course", "class_reference": "CRIM 4311"}, {"type": "course", "class_reference": "CRIM 4322"}, {"name": "Choose one course from the following (3 semester credit hours):", "type": "collection", "required": 1, "courses": [{"type": "course", "class_reference": "CRIM 3301"}, {"type": "course", "class_reference": "SOC 4369"}, {"type": "course", "class_reference": "SOC 3325"}, {"type": "course", "class_reference": "SOC 4302"}, {"type": "course", "class_reference": "ECON 4333"}]}, {"name": "Choose one course from the following (3 semester credit hours):", "type": "collection", "required": 1, "courses": [{"type": "course", "class_reference": "CRIM 3319"}, {"type": "course", "class_reference": "ECON 3369"}]}, {"type": "other", "required": 0, "description": "21 semester credit hours of CRIM upper-division courses or related to CRIM"}]}]}