{"name": "Bachelor of Science in Data Science", "abbreviation": "Data Science (BS)", "minimum_credit_hours": "120", "subtype": "major", "requirements": [{"type": "collection", "name": "II. Major Requirements: 64-65 semester credit hours", "required": 26, "options": [{"type": "course", "class_reference": "CS 1136"}, {"type": "course", "class_reference": "CS 1336"}, {"type": "course", "class_reference": "CS 1337"}, {"type": "course", "class_reference": "CS 2336"}, {"name": "Choose one", "type": "collection", "required": 2, "courses": [{"type": "course", "class_reference": "MATH 3315"}, {"type": "course", "class_reference": "CS 2305"}]}, {"type": "course", "class_reference": "MATH 2417"}, {"type": "course", "class_reference": "MATH 2418"}, {"type": "course", "class_reference": "MATH 2419"}, {"name": "Choose one", "type": "collection", "required": 2, "courses": [{"type": "course", "class_reference": "PHYS 2325"}, {"type": "course", "class_reference": "PHYS 2421"}]}, {"name": "Choose one", "type": "collection", "required": 2, "courses": [{"type": "course", "class_reference": "PHYS 2326"}, {"type": "course", "class_reference": "PHYS 2422"}]}, {"type": "course", "class_reference": "PHYS 2126"}, {"type": "course", "class_reference": "CS 3345"}, {"type": "course", "class_reference": "CS 4347"}, {"type": "course", "class_reference": "CS 4371"}, {"type": "course", "class_reference": "CS 4372"}, {"type": "course", "class_reference": "CS 4375"}, {"type": "course", "class_reference": "MATH 3310"}, {"type": "course", "class_reference": "MATH 3351"}, {"type": "course", "class_reference": "MATH 4301"}, {"type": "course", "class_reference": "STAT 3355"}, {"type": "course", "class_reference": "STAT 4351"}, {"type": "course", "class_reference": "STAT 4352"}, {"type": "course", "class_reference": "STAT 4354"}, {"type": "course", "class_reference": "STAT 4355"}, {"type": "course", "class_reference": "STAT 4360"}, {"name": "Choose one", "type": "collection", "required": 3, "courses": [{"type": "course", "class_reference": "STAT 4475"}, {"type": "course", "class_reference": "CS 4475"}, {"type": "course", "class_reference": "MATH 4475"}]}]}]}