{"name": "Bachelor of Science in Psychology", "abbreviation": "Psychology (BS)", "minimum_credit_hours": "120", "subtype": "major", "requirements": [{"type": "collection", "name": "II. Major Requirements: 36 upper-division semester credit hours", "required": 12, "options": [{"type": "course", "class_reference": "PSY 2301"}, {"name": "Choose one", "type": "collection", "required": 3, "courses": [{"type": "course", "class_reference": "PSY 2317"}, {"type": "course", "class_reference": "STAT 1342"}, {"type": "course", "class_reference": "STAT 2332"}]}, {"type": "course", "class_reference": "NSC 3361"}, {"type": "course", "class_reference": "PSY 3360"}, {"name": "Choose one", "type": "collection", "required": 2, "courses": [{"type": "course", "class_reference": "PSY 3361"}, {"type": "course", "class_reference": "PSY 4359"}]}, {"type": "course", "class_reference": "PSY 3392"}, {"type": "course", "class_reference": "PSY 3393"}, {"type": "course", "class_reference": "PSY 3331"}, {"type": "course", "class_reference": "PSY 3310"}, {"type": "course", "class_reference": "PSY 4343"}, {"name": "Guided Electives; 3 semester credit hours of one of the following:", "type": "collection", "required": 1.0, "courses": [{"type": "course", "class_reference": "BBSU 3310"}, {"type": "course", "class_reference": "PSY 4390"}, {"type": "course", "class_reference": "PSY 4391"}, {"type": "course", "class_reference": "PSY 4394"}, {"type": "course", "class_reference": "PSY 4395"}, {"type": "course", "class_reference": "PSY 4V96"}, {"type": "course", "class_reference": "PSY 4397"}, {"type": "course", "class_reference": "PSY 4V98"}, {"type": "course", "class_reference": "PSY 4V99"}]}, {"type": "other", "required": 0, "description": "Plus any 9 semester credit hours of courses with PSY or CGS or CLDP or NSC prefixes or the following courses: SPAU 3301, SPAU 3303, SPAU 3304, SPAU 3340, SPAU 3343, SPAU 3344, SPAU 3345 or SPAU 4308."}]}]}