{
  "name": "Bachelor of Science in Human Resource Management",
  "abbreviation": "Human Resource Management (BS)",
  "minimum_credit_hours": "120",
  "subtype": "major",
  "requirements": [
    {
      "type": "collection",
      "name": "II. Major Requirements: 69 semester credit hours beyond Core Curriculum",
      "required": 25,
      "options": [
        { "type": "course", "class_reference": "ACCT 2301" },
        { "type": "course", "class_reference": "ACCT 2302" },
        { "type": "course", "class_reference": "BLAW 2301" },
        { "type": "course", "class_reference": "MATH 1325" },
        {
          "name": "Choose one",
          "type": "collection",
          "required": 2,
          "courses": [
            { "type": "course", "class_reference": "STAT 3360" },
            { "type": "course", "class_reference": "OPRE 3360" }
          ]
        },
        {
          "name": "Choose two of the following:7",
          "type": "collection",
          "required": 0,
          "courses": [
            { "type": "course", "class_reference": "BA 1310" },
            { "type": "course", "class_reference": "BA 1320" },
            { "type": "course", "class_reference": "ECON 2301" },
            { "type": "course", "class_reference": "ECON 2302" }
          ]
        },
        {
          "name": "Choose one",
          "type": "collection",
          "required": 2,
          "courses": [
            { "type": "course", "class_reference": "BCOM 1300" },
            { "type": "course", "class_reference": "BCOM 3300" }
          ]
        },
        { "type": "course", "class_reference": "BCOM 4300" },
        { "type": "course", "class_reference": "FIN 3320" },
        { "type": "course", "class_reference": "IMS 3310" },
        { "type": "course", "class_reference": "ITSS 3300" },
        { "type": "course", "class_reference": "MKT 3300" },
        { "type": "course", "class_reference": "OBHR 3330" },
        { "type": "course", "class_reference": "OPRE 3310" },
        { "type": "course", "class_reference": "BLAW 3301" },
        { "type": "course", "class_reference": "OBHR 3310" },
        { "type": "course", "class_reference": "OBHR 4331" },
        { "type": "course", "class_reference": "OBHR 4333" },
        { "type": "course", "class_reference": "OBHR 4334" },
        { "type": "course", "class_reference": "OBHR 4335" },
        { "type": "course", "class_reference": "OBHR 4354" },
        { "type": "course", "class_reference": "OBHR 4395" },
        {
          "name": "A practicum experience of at least 160 working hours is required; the student has the option of zero to 3 semester credit hours, depending on the particular internship, and preference for additional electives.",
          "type": "collection",
          "required": 0,
          "courses": [
            { "type": "course", "class_reference": "OBHR 4V90" },
            { "type": "course", "class_reference": "OBHR 4090" },
            { "type": "course", "class_reference": "BA 4090" }
          ]
        },
        {
          "name": "A community engagement experience is required; the student has the option of zero or 3 semester credit hours, depending on the particular experience, and preference for additional electives.",
          "type": "collection",
          "required": 4,
          "courses": [
            { "type": "course", "class_reference": "IMS 4335" },
            {
              "type": "other",
              "description": "or ENTP 4340 Social Sector Entrepreneurship and Community Engagement"
            },
            { "type": "course", "class_reference": "MKT 4360" },
            { "type": "course", "class_reference": "BA 4095" }
          ]
        },
        {
          "name": "The following courses fulfill a portion of the remaining Guided Elective semester credit hours:",
          "type": "collection",
          "required": 0,
          "courses": [
            { "type": "course", "class_reference": "IMS 4330" },
            { "type": "course", "class_reference": "ITSS 4353" },
            { "type": "course", "class_reference": "OBHR 4300" },
            { "type": "course", "class_reference": "OBHR 4310" },
            { "type": "course", "class_reference": "OBHR 4336" },
            { "type": "course", "class_reference": "OBHR 4337" },
            { "type": "course", "class_reference": "OBHR 4338" },
            { "type": "course", "class_reference": "OBHR 4350" },
            { "type": "course", "class_reference": "OBHR 4352" },
            { "type": "course", "class_reference": "OBHR 4356" },
            { "type": "course", "class_reference": "OBHR 4361" }
          ]
        }
      ]
    }
  ]
}
