{"name": "Bachelor of Science in Speech, Language, and Hearing Sciences", "abbreviation": "Speech, Language, and Hearing Sciences (BS)", "minimum_credit_hours": "120", "subtype": "major", "requirements": [{"type": "collection", "name": "II. Major Requirements: 36 semester credit hours", "required": 13, "options": [{"type": "course", "class_reference": "PSY 2301"}, {"type": "course", "class_reference": "SPAU 3301"}, {"type": "course", "class_reference": "SPAU 3303"}, {"type": "course", "class_reference": "SPAU 3304"}, {"type": "course", "class_reference": "SPAU 3340"}, {"type": "course", "class_reference": "SPAU 3341"}, {"type": "course", "class_reference": "SPAU 3343"}, {"type": "course", "class_reference": "SPAU 3344"}, {"name": "Choose one", "type": "collection", "required": 2, "courses": [{"type": "course", "class_reference": "SPAU 3345"}, {"type": "course", "class_reference": "NSC 3361"}]}, {"type": "course", "class_reference": "SPAU 3388"}, {"type": "course", "class_reference": "SPAU 4308"}, {"name": "Choose one", "type": "collection", "required": 2, "courses": [{"type": "course", "class_reference": "SPAU 4394"}, {"type": "course", "class_reference": "SPAU 4393"}]}, {"type": "other", "required": 0, "description": "SPAU Elective (3 semester credit hours course with SPAU prefix)"}]}]}