{"name": "Bachelor of Science in Business Analytics", "abbreviation": "Business Analytics (BS)", "minimum_credit_hours": "120", "subtype": "major", "requirements": [{"type": "collection", "name": "II. Major Requirements: 69 semester credit hours", "required": 30, "options": [{"type": "course", "class_reference": "ACCT 2301"}, {"type": "course", "class_reference": "ACCT 2302"}, {"type": "course", "class_reference": "BLAW 2301"}, {"type": "course", "class_reference": "MATH 1325"}, {"type": "course", "class_reference": "MATH 1326"}, {"name": "Choose one", "type": "collection", "required": 2, "courses": [{"type": "course", "class_reference": "OPRE 3333"}, {"type": "course", "class_reference": "MATH 2333"}]}, {"name": "Choose one", "type": "collection", "required": 2, "courses": [{"type": "course", "class_reference": "OPRE 3360"}, {"type": "course", "class_reference": "STAT 3360"}]}, {"type": "course", "class_reference": "ITSS 3311"}, {"name": "Choose two of the following:7", "type": "collection", "required": 0, "courses": [{"type": "course", "class_reference": "BA 1310"}, {"type": "course", "class_reference": "BA 1320"}, {"type": "course", "class_reference": "ECON 2301"}, {"type": "course", "class_reference": "ECON 2302"}]}, {"name": "Choose one", "type": "collection", "required": 2, "courses": [{"type": "course", "class_reference": "BCOM 1300"}, {"type": "course", "class_reference": "BCOM 3300"}]}, {"type": "course", "class_reference": "BCOM 4300"}, {"type": "course", "class_reference": "IMS 3310"}, {"type": "course", "class_reference": "FIN 3320"}, {"type": "course", "class_reference": "ITSS 3300"}, {"type": "course", "class_reference": "OPRE 3310"}, {"name": "Choose one", "type": "collection", "required": 2, "courses": [{"type": "course", "class_reference": "OBHR 3310"}, {"type": "course", "class_reference": "OBHR 3330"}]}, {"type": "course", "class_reference": "MKT 3300"}, {"type": "other", "description": "A community engagement experience is required:"}, {"type": "course", "class_reference": "BA 4095"}, {"type": "course", "class_reference": "ITSS 4300"}, {"type": "course", "class_reference": "ITSS 4351"}, {"type": "course", "class_reference": "ITSS 4352"}, {"type": "course", "class_reference": "ITSS 4353"}, {"type": "course", "class_reference": "ITSS 4354"}, {"type": "course", "class_reference": "ITSS 4355"}, {"type": "course", "class_reference": "ITSS 4380"}, {"type": "course", "class_reference": "ITSS 4381"}, {"type": "course", "class_reference": "BUAN 4395"}, {"type": "other", "description": "A practicum experience of at least 160 working hours is required:"}, {"name": "Choose one", "type": "collection", "required": 2, "courses": [{"type": "course", "class_reference": "BUAN 4090"}, {"type": "course", "class_reference": "BA 4090"}]}]}]}