{"name": "Bachelor of Science in Global Business and Supply Chain Management (Double Major)", "abbreviation": "Global Business and Supply Chain Management (Double Major) (BS)", "minimum_credit_hours": "128", "subtype": "major", "requirements": [{"type": "collection", "name": "II. Major Requirements: 78-81 semester credit hours", "required": 29, "options": [{"type": "course", "class_reference": "ACCT 2301"}, {"type": "course", "class_reference": "ACCT 2302"}, {"type": "course", "class_reference": "BLAW 2301"}, {"type": "course", "class_reference": "MATH 1325"}, {"name": "Choose one", "type": "collection", "required": 2, "courses": [{"type": "course", "class_reference": "MATH 1326"}, {"type": "course", "class_reference": "OPRE 3340"}]}, {"name": "Choose one", "type": "collection", "required": 2, "courses": [{"type": "course", "class_reference": "OPRE 3333"}, {"type": "course", "class_reference": "MATH 2333"}]}, {"name": "Choose one", "type": "collection", "required": 2, "courses": [{"type": "course", "class_reference": "STAT 3360"}, {"type": "course", "class_reference": "OPRE 3360"}]}, {"name": "Choose two of the following:8", "type": "collection", "required": 0, "courses": [{"type": "course", "class_reference": "BA 1310"}, {"type": "course", "class_reference": "BA 1320"}, {"type": "course", "class_reference": "ECON 2301"}, {"type": "course", "class_reference": "ECON 2302"}]}, {"name": "Choose one", "type": "collection", "required": 2, "courses": [{"type": "course", "class_reference": "BCOM 1300"}, {"type": "course", "class_reference": "BCOM 3300"}]}, {"type": "course", "class_reference": "BCOM 4300"}, {"type": "course", "class_reference": "IMS 3310"}, {"type": "course", "class_reference": "FIN 3320"}, {"type": "course", "class_reference": "ITSS 3300"}, {"type": "course", "class_reference": "OPRE 3310"}, {"name": "Choose one", "type": "collection", "required": 2, "courses": [{"type": "course", "class_reference": "OBHR 3330"}, {"type": "course", "class_reference": "OBHR 3310"}]}, {"type": "course", "class_reference": "MKT 3300"}, {"type": "course", "class_reference": "IMS 4320"}, {"type": "course", "class_reference": "FIN 3380"}, {"type": "course", "class_reference": "IMS 4330"}, {"type": "course", "class_reference": "IMS 4373"}, {"type": "course", "class_reference": "BLAW 4301"}, {"type": "course", "class_reference": "OPRE 3320"}, {"type": "course", "class_reference": "OPRE 3330"}, {"type": "course", "class_reference": "OPRE 4310"}, {"type": "course", "class_reference": "OPRE 4330"}, {"type": "course", "class_reference": "OPRE 4340"}, {"name": "Choose one", "type": "collection", "required": 4, "courses": [{"type": "course", "class_reference": "OPRE 4395"}, {"type": "course", "class_reference": "IMS 4395"}, {"type": "course", "class_reference": "BPS 4395"}, {"type": "course", "class_reference": "ENTP 4395"}]}, {"type": "other", "required": 0, "description": "If the language credit is obtained without taking classes, six additional semester credit hours of Free Electives (upper-division or lower-division) can be taken by student."}, {"type": "other", "description": "Students are strongly encouraged to meet with their Program Director every semester to discuss their progress, career interests, and international experiences."}]}]}