{"name": "Bachelor of Science in Finance", "abbreviation": "Finance (BS)", "minimum_credit_hours": "120", "subtype": "major", "requirements": [{"type": "collection", "name": "II. Major Requirements: 72-75 semester credit hours7", "required": 39, "options": [{"type": "course", "class_reference": "ACCT 2301"}, {"type": "course", "class_reference": "ACCT 2302"}, {"type": "course", "class_reference": "BLAW 2301"}, {"type": "course", "class_reference": "MATH 1325"}, {"name": "Choose one", "type": "collection", "required": 2, "courses": [{"type": "course", "class_reference": "MATH 1326"}, {"type": "course", "class_reference": "OPRE 3340"}]}, {"name": "Choose one", "type": "collection", "required": 2, "courses": [{"type": "course", "class_reference": "OPRE 3333"}, {"type": "course", "class_reference": "MATH 2333"}]}, {"name": "Choose one", "type": "collection", "required": 3, "courses": [{"type": "course", "class_reference": "STAT 3360"}, {"type": "course", "class_reference": "OPRE 3360"}, {"type": "course", "class_reference": "STAT 4351"}]}, {"name": "Choose two of the following:7", "type": "collection", "required": 0, "courses": [{"type": "course", "class_reference": "BA 1310"}, {"type": "course", "class_reference": "BA 1320"}, {"type": "course", "class_reference": "ECON 2301"}, {"type": "course", "class_reference": "ECON 2302"}]}, {"name": "Choose one", "type": "collection", "required": 2, "courses": [{"type": "course", "class_reference": "BCOM 1300"}, {"type": "course", "class_reference": "BCOM 3300"}]}, {"type": "course", "class_reference": "BCOM 4300"}, {"type": "course", "class_reference": "IMS 3310"}, {"type": "course", "class_reference": "FIN 3320"}, {"type": "course", "class_reference": "ITSS 3300"}, {"type": "course", "class_reference": "OPRE 3310"}, {"name": "Choose one", "type": "collection", "required": 2, "courses": [{"type": "course", "class_reference": "OBHR 3330"}, {"type": "course", "class_reference": "OBHR 3310"}]}, {"type": "course", "class_reference": "MKT 3300"}, {"type": "course", "class_reference": "FIN 3390"}, {"type": "course", "class_reference": "FIN 4300"}, {"type": "course", "class_reference": "FIN 4310"}, {"name": "Choose one", "type": "collection", "required": 6, "courses": [{"type": "course", "class_reference": "FIN 4395"}, {"type": "course", "class_reference": "FIN 4328"}, {"type": "course", "class_reference": "FIN 4333"}, {"type": "course", "class_reference": "FIN 4380"}, {"type": "course", "class_reference": "BPS 4395"}, {"type": "course", "class_reference": "ENTP 4395"}]}, {"name": "A practicum experience of at least 160 working hours is required; the student has the option of zero to 3 semester credit hours, depending on the particular internship, and preference for additional electives.", "type": "collection", "required": 0, "courses": [{"type": "course", "class_reference": "FIN 4V80"}, {"type": "course", "class_reference": "FIN 4080"}, {"type": "course", "class_reference": "BA 4090"}]}, {"name": "A community engagement experience is required; the student has the option of zero or 3 semester credit hours, depending on the particular experience, and preference for additional electives.", "type": "collection", "required": 4, "courses": [{"type": "course", "class_reference": "IMS 4335"}, {"type": "other", "description": "or ENTP 4340 Social Sector Entrepreneurship and Community Engagement"}, {"type": "course", "class_reference": "MKT 4360"}, {"type": "course", "class_reference": "BA 4095"}]}, {"type": "other", "required": 0, "description": "Choose from the following, if not used in Major Preparatory or Major Related Courses, to fulfill remaining Guided Elective semester credit hours:"}, {"type": "other", "required": 0, "description": "Students must select upper-division course work from the following list of courses: FIN 3305, FIN 3330*, FIN 3340, FIN 3350, FIN 3360, FIN 3365, FIN 3370*, FIN 3380, FIN 3395, FIN 4303, FIN 4305, FIN 4307, FIN 4313, FIN 4315, FIN 4320, FIN 4321, FIN 432810, FIN 4330*, FIN 433310, FIN 4335*, FIN 4336, FIN 4337, FIN 4338, FIN 4340, FIN 4345, FIN 4350, FIN 438010, FIN 4386, FIN 4387, FIN 4390, FIN 4399, FIN 4V90, FIN 4V99, MECO 3360, MECO 3361, MECO 4352, RMIS 3375, RMIS 4331, RMIS 4332, RMIS 4333, \u00a0RMIS 4334, RMIS 4336, RMIS 4338, ENTP 4V00."}, {"type": "other", "description": "* Indicates courses required by the CFP\u00ae Board of Standards, Inc. to fulfill the requirement for the CERTIFIED Financial Planner\u2122 Designation. Includes FIN 4300 in Major Related Courses."}, {"type": "other", "required": 0, "description": "Students may substitute up to 6 semester credit hours for the above upper-division course work from the following list of courses: ACCT 3331, ACCT 3332, ACCT 3341, ACCT 3350, ACCT 4336, (MATH 2415 or MATH 3351), MATH 2420, or STAT 435110."}, {"type": "other", "description": "Other upper-division courses may be used to fulfill Electives with advance written permission from the Program Director."}, {"type": "other", "description": "NOTE: Course prerequisites must be met."}, {"type": "other", "description": "Students pursuing a Bachelor of Science in Finance will be best prepared for certain career paths if they follow the below recommended course work for each of the below tracks, but they are not required to do so."}, {"type": "other", "required": 0, "description": "Corporate Finance Track - Students who choose this track will focus on the skills necessary to manage the financial problems of a firm. Students completing this track pursue careers as corporate financial officers, private equity capitalists, and investment bankers."}, {"type": "other", "description": "Recommended coursework: FIN 3350, FIN 3380, (FIN 4337 or ACCT 4337), FIN 4340, FIN 4345, ACCT 3331, ACCT 3332, or ACCT 3350."}, {"type": "other", "required": 0, "description": "Investment Track - Students who choose to concentrate in the Investment track study to become investment analysts and investment advisors. Careers in this field include security analysts, portfolio managers, etc. Students who complete this track should be prepared to take the CFA\u00ae level 1 exam."}, {"type": "other", "description": "Recommended coursework: FIN 3330, FIN 3340, FIN 3350, FIN 4305, MATH 2415 or MATH 3351, MATH 2420, or STAT 4351."}, {"type": "other", "required": 0, "description": "Real Estate Investment Management Track - Students who choose this track will learn both the qualitative and quantitative tools necessary to enter one of the many different areas within real estate including investment analysis, consulting, brokerage, appraisal, development and corporate asset management."}, {"type": "other", "description": "Recommended Coursework: FIN 3305, FIN 3350, FIN 3360, FIN 3365, FIN 3370, FIN 4321, or FIN 4328."}, {"type": "other", "required": 0, "description": "Risk Management and Insurance Track - Students who choose this track will learn both the qualitative and quantitative tools necessary to enter one of the many different areas within the risk management and insurance industries."}, {"type": "other", "description": "Recommended Coursework: (FIN 3370 or RMIS 3370), (FIN 3375 or RMIS 3375), (FIN 4331 or RMIS 4331), (FIN 4332 or RMIS 4332), (FIN 4333 or RMIS 4333), (RMIS 4334 or FIN 4334) or MKT 3330."}, {"type": "other", "required": 0, "description": "Financial Mathematics Track - Students who choose this track will develop sufficient quantitative mathematical skills to pursue careers demanding more mathematical analytical skills than the typical finance students possess."}, {"type": "other", "description": "Recommended Coursework: (MATH 2415 or MATH 3351), MATH 2420, STAT 4351, MECO 4352, FIN 4340, FIN 4386, FIN 4387."}]}]}