{"name": "Bachelor of Science in Business Administration", "abbreviation": "Business Administration (BS)", "minimum_credit_hours": "120", "subtype": "major", "requirements": [{"type": "collection", "name": "II. Major Requirements: 66-75 semester credit hours (depending on the general or specific concentration plan)7", "required": 78, "options": [{"type": "course", "class_reference": "ACCT 2301"}, {"type": "course", "class_reference": "ACCT 2302"}, {"type": "course", "class_reference": "BLAW 2301"}, {"type": "course", "class_reference": "MATH 1325"}, {"name": "Choose one", "type": "collection", "required": 2, "courses": [{"type": "course", "class_reference": "OPRE 3360"}, {"type": "course", "class_reference": "STAT 3360"}]}, {"name": "Choose two of the following:7", "type": "collection", "required": 0, "courses": [{"type": "course", "class_reference": "BA 1310"}, {"type": "course", "class_reference": "BA 1320"}, {"type": "course", "class_reference": "ECON 2301"}, {"type": "course", "class_reference": "ECON 2302"}]}, {"name": "Choose one", "type": "collection", "required": 2, "courses": [{"type": "course", "class_reference": "BCOM 1300"}, {"type": "course", "class_reference": "BCOM 3300"}]}, {"type": "course", "class_reference": "BCOM 4300"}, {"type": "course", "class_reference": "BA 3300"}, {"type": "course", "class_reference": "IMS 3310"}, {"type": "course", "class_reference": "FIN 3320"}, {"type": "course", "class_reference": "ITSS 3300"}, {"type": "course", "class_reference": "OPRE 3310"}, {"type": "course", "class_reference": "OPRE 3330"}, {"name": "Choose one", "type": "collection", "required": 2, "courses": [{"type": "course", "class_reference": "OBHR 3310"}, {"type": "course", "class_reference": "OBHR 3330"}]}, {"type": "course", "class_reference": "MKT 3300"}, {"name": "Choose one", "type": "collection", "required": 2, "courses": [{"type": "course", "class_reference": "BPS 4305"}, {"type": "course", "class_reference": "ENTP 3320"}]}, {"name": "Choose one", "type": "collection", "required": 2, "courses": [{"type": "course", "class_reference": "BPS 4395"}, {"type": "course", "class_reference": "ENTP 4395"}]}, {"name": "A community engagement experience is required; the student has the option of zero or 3 semester credit hours, depending on the particular experience, and preference for additional electives.", "type": "collection", "required": 4, "courses": [{"type": "course", "class_reference": "IMS 4335"}, {"type": "other", "description": "or ENTP 4340 Social Sector Entrepreneurship and Community Engagement"}, {"type": "course", "class_reference": "MKT 4360"}, {"type": "course", "class_reference": "BA 4095"}]}, {"type": "other", "required": 0, "description": "Major Related Courses: 18-24 semester credit hours (depending on the general or specific concentration plan)"}, {"type": "other", "required": 0, "description": "Students may follow a general Business Administration degree plan (General Business Option) or instead choose a concentration from the following:"}, {"type": "other", "description": "Each Concentration has core courses plus concentration electives."}, {"type": "other", "required": 0, "description": "In any of the options, course prerequisites must be met."}, {"type": "other", "description": " "}, {"name": "Core course: 3 semester credit hours", "type": "collection", "required": 1.0, "courses": [{"type": "course", "class_reference": "ENTP 3301"}, {"type": "course", "class_reference": "Electives: 15"}]}, {"name": "A practicum experience of at least 160 working hours is required; the student has the option of zero to 3 semester credit hours, depending on the particular internship, and preference for additional electives.", "type": "collection", "required": 0, "courses": [{"type": "course", "class_reference": "BA 4V90"}, {"type": "course", "class_reference": "BA 4090"}]}, {"type": "other", "required": 0, "description": "Choose upper division courses, not used in Major Core, Major Preparatory, or Major Related Core, from the following groups (prefixes) to fulfill remaining Elective semester credit hours. Students choosing this option must select their courses from at least 3 different groups."}, {"type": "other", "description": "Group 1: Management - ENTP or OBHR prefixes"}, {"type": "other", "description": "Group 2: Marketing - MKT prefix"}, {"type": "other", "description": "Group 3: Finance and Accounting - ACCT, ENGY, FIN, MECO, REAL, or RMIS prefixes"}, {"type": "other", "description": "Group 4: Information Systems - ITSS prefix"}, {"type": "other", "description": "Group 5: Business Environment - BA, BCOM, BPS, BLAW, HMGT, or IMS prefixes"}, {"type": "other", "description": "Group 6: Operations Management - OPRE prefix"}, {"type": "other", "description": " "}, {"name": "Core Courses: 12 semester credit hours", "type": "collection", "required": 4.0, "courses": [{"type": "course", "class_reference": "FIN 3390"}, {"type": "course", "class_reference": "FIN 3395"}, {"type": "course", "class_reference": "MKT 3340"}, {"type": "course", "class_reference": "OBHR 4337"}, {"type": "other", "description": "or MKT 4337 Marketing Analytics"}]}, {"name": "A practicum experience of at least 160 working hours is required; the student has the option of zero to 3 semester credit hours, depending on the particular internship, and preference for additional electives.", "type": "collection", "required": 0, "courses": [{"type": "course", "class_reference": "FIN 4V80"}, {"type": "course", "class_reference": "FIN 4080"}, {"type": "course", "class_reference": "ITSS 4V90"}, {"type": "course", "class_reference": "ITSS 4090"}, {"type": "course", "class_reference": "MKT 4V90"}, {"type": "course", "class_reference": "MKT 4090"}, {"type": "course", "class_reference": "BA 4090"}]}, {"name": "Choose from the following to fulfill remaining Elective semester credit hours:", "type": "collection", "required": 0, "courses": [{"type": "course", "class_reference": "ACCT 4301"}, {"type": "course", "class_reference": "ITSS 3312"}, {"type": "course", "class_reference": "ITSS 4300"}, {"type": "course", "class_reference": "OPRE 4320"}]}, {"type": "other", "description": "Other upper-division courses may be used to fulfill Electives with advance written permission from Business Analytics Program Director."}, {"type": "other", "description": " "}, {"name": "Core Courses: 15 semester credit hours", "type": "collection", "required": 5.0, "courses": [{"type": "course", "class_reference": "FIN 3350"}, {"type": "course", "class_reference": "MECO 4351"}, {"type": "course", "class_reference": "MECO 4352"}]}, {"type": "other", "description": "And two courses approved by the department"}, {"name": "A practicum experience of at least 160 working hours is required; the student has the option of zero to 3 semester credit hours, depending on the particular internship, and preference for additional electives.", "type": "collection", "required": 0, "courses": [{"type": "course", "class_reference": "BA 4V90"}, {"type": "course", "class_reference": "BA 4090"}]}, {"name": "Choose from the following to fulfill remaining Elective semester credit hours:", "type": "collection", "required": 0, "courses": [{"type": "course", "class_reference": "FIN 3390"}, {"type": "course", "class_reference": "MECO 4342"}, {"type": "course", "class_reference": "RMIS 3370"}, {"type": "course", "class_reference": "REAL 3305"}, {"type": "course", "class_reference": "MKT 3340"}]}, {"type": "other", "description": "Other upper-division courses may be used to fulfill Electives with advance written permission from Business Economics Program Director."}, {"type": "other", "description": " "}, {"name": "Core Courses: 12 semester credit hours", "type": "collection", "required": 4.0, "courses": [{"type": "course", "class_reference": "ENGY 3301"}, {"type": "course", "class_reference": "ENGY 3302"}]}, {"name": "And choose 2 of the following:", "type": "collection", "required": 0.6666666666666666, "courses": [{"type": "course", "class_reference": "ENGY 3340"}, {"type": "other", "description": "or BLAW 4301 International Law"}]}, {"type": "course", "class_reference": "FIN 4313"}, {"type": "course", "class_reference": "MECO 4342"}, {"name": "A practicum experience of at least 160 working hours is required; the student has the option of zero to 3 semester credit hours, depending on the particular internship, and preference for additional electives.", "type": "collection", "required": 0, "courses": [{"type": "course", "class_reference": "BA 4V90"}, {"type": "course", "class_reference": "BA 4090"}]}, {"name": "Choose from the following to fulfill remaining Elective semester credit hours, if not already chosen as energy core:", "type": "collection", "required": 0, "courses": [{"type": "course", "class_reference": "ENGY 3340"}, {"type": "course", "class_reference": "FIN 4313"}, {"type": "course", "class_reference": "MECO 4342"}, {"type": "course", "class_reference": "MECO 3330"}, {"type": "course", "class_reference": "MECO 4300"}, {"type": "course", "class_reference": "OPRE 4330"}, {"type": "course", "class_reference": "FIN 4340"}, {"type": "course", "class_reference": "FIN 4345"}, {"type": "course", "class_reference": "NATS 2333"}, {"type": "course", "class_reference": "GEOS 1303"}]}, {"type": "other", "description": " "}, {"name": "Core Courses: 12 semester credit hours", "type": "collection", "required": 4.0, "courses": [{"type": "course", "class_reference": "ENTP 3301"}, {"type": "course", "class_reference": "Select 9"}, {"type": "course", "class_reference": "ENTP 3360"}, {"type": "course", "class_reference": "ENTP 4311"}, {"type": "course", "class_reference": "ENTP 4320"}, {"type": "other", "description": "or ENTP 4350 Corporate Entrepreneurship10"}]}, {"name": "A practicum experience of at least 160 working hours is required; the student has the option of zero to 3 semester credit hours, depending on the particular internship, and preference for additional electives.", "type": "collection", "required": 0, "courses": [{"type": "course", "class_reference": "ENTP 4V90"}, {"type": "course", "class_reference": "ENTP 4090"}, {"type": "course", "class_reference": "BA 4V90"}, {"type": "course", "class_reference": "BA 4090"}]}, {"name": "Choose from the following to fulfill remaining Elective semester credit hours. At least 6 semester credit hours must have an ENTP prefix.", "type": "collection", "required": 0, "courses": [{"type": "course", "class_reference": "ENTP 3320"}, {"type": "course", "class_reference": "ENTP 3321"}, {"type": "course", "class_reference": "ENTP 4330"}, {"type": "course", "class_reference": "ENTP 4340"}, {"type": "course", "class_reference": "ENTP 4360"}, {"type": "course", "class_reference": "ENTP 4V00"}, {"type": "course", "class_reference": "ENTP 4320"}, {"type": "other", "description": "or ENTP 4350 Corporate Entrepreneurship10"}]}, {"type": "course", "class_reference": "HMGT 3301"}, {"type": "course", "class_reference": "IMS 4310"}, {"type": "course", "class_reference": "IMS 4320"}, {"type": "course", "class_reference": "IMS 4330"}, {"type": "course", "class_reference": "MKT 3330"}, {"type": "course", "class_reference": "MKT 3340"}, {"type": "course", "class_reference": "ENTP 4335"}, {"type": "course", "class_reference": "ENTP 4331"}, {"type": "course", "class_reference": "MKT 4336"}, {"type": "course", "class_reference": "MKT 4338"}, {"type": "other", "description": "Another upper-division course may be substituted for the non-ENTP courses listed above with advance permission."}, {"type": "other", "description": " "}, {"name": "Core Courses: 15 semester credit hours", "type": "collection", "required": 5.0, "courses": [{"type": "course", "class_reference": "RMIS 3370"}, {"type": "course", "class_reference": "RMIS 4331"}, {"type": "course", "class_reference": "RMIS 4332"}, {"type": "course", "class_reference": "RMIS 4333"}, {"type": "course", "class_reference": "RMIS 4334"}, {"type": "course", "class_reference": "Electives: 9"}]}, {"name": "A practicum experience of at least 160 working hours is required; the student has the option of zero to 3 semester credit hours, depending on the particular internship, and preference for additional electives.", "type": "collection", "required": 0, "courses": [{"type": "course", "class_reference": "FIN 4V80"}, {"type": "course", "class_reference": "FIN 4080"}, {"type": "course", "class_reference": "MKT 4V90"}, {"type": "course", "class_reference": "MKT 4090"}, {"type": "course", "class_reference": "BA 4090"}]}, {"name": "Choose from the following to fulfill remaining Elective semester credit hours:", "type": "collection", "required": 0, "courses": [{"type": "course", "class_reference": "RMIS 4336"}, {"type": "course", "class_reference": "RMIS 4338"}, {"type": "course", "class_reference": "FIN 3305"}, {"type": "course", "class_reference": "MKT 3330"}]}, {"type": "other", "description": " "}, {"name": "Core Courses: 12 semester credit hours", "type": "collection", "required": 4.0, "courses": [{"type": "course", "class_reference": "REAL 3305"}, {"type": "course", "class_reference": "REAL 3365"}, {"type": "course", "class_reference": "REAL 4321"}, {"type": "course", "class_reference": "REAL 4328"}, {"type": "course", "class_reference": "Electives: 12"}]}, {"name": "A practicum experience of at least 160 working hours is required; the student has the option of zero to 3 semester credit hours, depending on the particular internship, and preference for additional electives.", "type": "collection", "required": 0, "courses": [{"type": "course", "class_reference": "FIN 4V80"}, {"type": "course", "class_reference": "FIN 4080"}, {"type": "course", "class_reference": "REAL 4V80"}, {"type": "course", "class_reference": "REAL 4090"}, {"type": "course", "class_reference": "BA 4V90"}, {"type": "course", "class_reference": "BA 4090"}]}, {"name": "Choose from the following to fulfill remaining Elective semester credit hours:", "type": "collection", "required": 0, "courses": [{"type": "other", "description": "Any JSOM upper level courses, PA 3377 or GISC 4385"}]}, {"type": "other", "description": " "}, {"name": "Core Courses: 12 semester credit hours", "type": "collection", "required": 4.0, "courses": [{"type": "course", "class_reference": "MKT 3330"}, {"type": "course", "class_reference": "MKT 3331"}, {"type": "course", "class_reference": "MKT 4331"}, {"type": "course", "class_reference": "OBHR 4352"}, {"type": "course", "class_reference": "Electives: 12"}]}, {"name": "A practicum experience of at least 160 working hours is required; the student has the option of zero to 3 semester credit hours, depending on the particular internship, and preference for additional electives.", "type": "collection", "required": 0, "courses": [{"type": "course", "class_reference": "MKT 4V90"}, {"type": "course", "class_reference": "MKT 4090"}, {"type": "course", "class_reference": "BA 4090"}]}, {"name": "Choose from the following to fulfill remaining Elective semester credit hours:", "type": "collection", "required": 0, "courses": [{"type": "course", "class_reference": "FIN 3305"}, {"type": "course", "class_reference": "FIN 3330"}, {"type": "course", "class_reference": "HMGT 3301"}, {"type": "course", "class_reference": "MKT 3320"}, {"type": "course", "class_reference": "MKT 4332"}, {"type": "course", "class_reference": "MKT 4333"}, {"type": "course", "class_reference": "OBHR 4310"}]}]}]}