{"name": "Bachelor of Arts in Philosophy", "abbreviation": "Philosophy (BA)", "minimum_credit_hours": "120", "subtype": "major", "requirements": [{"type": "collection", "name": "II. Major Requirements: 42 semester credit hours", "required": 13, "options": [{"type": "course", "class_reference": "PHIL 2303"}, {"name": "Select one of the following:", "type": "collection", "required": 1, "courses": [{"type": "course", "class_reference": "PHIL 1301"}, {"type": "course", "class_reference": "PHIL 1305"}, {"type": "course", "class_reference": "PHIL 1306"}]}, {"type": "course", "class_reference": "PHIL 3321"}, {"type": "course", "class_reference": "PHIL 4328"}, {"name": "6 semester credit hours of lower- or upper-division courses in History of Philosophy from two different periods", "type": "collection", "required": 2.0, "courses": [{"type": "course", "class_reference": "PHIL 2316"}, {"type": "course", "class_reference": "PHIL 2317"}, {"type": "course", "class_reference": "PHIL 3322"}, {"type": "course", "class_reference": "PHIL 3323"}, {"type": "course", "class_reference": "PHIL 3324"}]}, {"type": "other", "description": "Courses with other numbers may be considered for this distribution requirement on a case-by-case basis, when their syllabus indicates that they have primarily history of philosophy content."}, {"name": "3 semester credit hours of upper-division courses in Metaphysics, Epistemology, and Science", "type": "collection", "required": 1.0, "courses": [{"type": "course", "class_reference": "PHIL 3373"}, {"type": "course", "class_reference": "PHIL 4308"}, {"type": "course", "class_reference": "PHIL 3328"}, {"type": "course", "class_reference": "PHIL 4321"}]}, {"type": "other", "description": "Courses with other numbers may be considered for this distribution requirement on a case-by-case basis, when their syllabus indicates that they have primarily theoretical philosophy content."}, {"name": "3 semester credit hours of upper-division courses in Ethics, Values, and Society", "type": "collection", "required": 1.0, "courses": [{"type": "course", "class_reference": "PHIL 3375"}, {"type": "course", "class_reference": "PHIL 3320"}, {"type": "course", "class_reference": "PHIL 3338"}, {"type": "course", "class_reference": "PHIL 4323"}, {"type": "course", "class_reference": "PHIL 4324"}, {"type": "course", "class_reference": "PHIL 4325"}]}, {"type": "other", "description": "Courses with other numbers may be considered for this distribution requirement on a case-by-case basis, when their syllabus indicates that they have primarily practical philosophy content."}, {"type": "other", "required": 0, "description": "18 semester credit hours of upper-division Philosophy electives, including Major Figures, Great Texts, Traditions, and Topics courses."}, {"name": "Students must select 6 semester credit hours of upper-division courses from the following list of courses with significant philosophical content:", "type": "collection", "required": 0, "courses": [{"type": "course", "class_reference": "ARHM 3342"}, {"type": "course", "class_reference": "ATCM 3300"}, {"type": "course", "class_reference": "ATCM 4384"}, {"type": "course", "class_reference": "COMM 3351"}, {"type": "course", "class_reference": "COMM 3352"}, {"type": "course", "class_reference": "COMM 4360"}, {"type": "course", "class_reference": "ECON 4301"}, {"type": "course", "class_reference": "ECON 4381"}, {"type": "course", "class_reference": "HIST 3302"}, {"type": "course", "class_reference": "HIST 3376"}, {"type": "course", "class_reference": "HIST 3377"}, {"type": "course", "class_reference": "HIST 4380"}, {"type": "course", "class_reference": "LIT 3316"}, {"type": "course", "class_reference": "LIT 3317"}, {"type": "course", "class_reference": "LIT 3330"}, {"type": "course", "class_reference": "OBHR 4310"}, {"type": "course", "class_reference": "PSCI 3301"}, {"type": "course", "class_reference": "PSCI 3306"}, {"type": "course", "class_reference": "PSY 3360"}, {"type": "course", "class_reference": "SOC 3303"}]}, {"type": "other", "description": "Other courses from prefixes besides PHIL may be considered for this requirement on a case-by-case basis, when their syllabus indicates that they have significant philosophical content."}]}]}