{"name": "Bachelor of Science in Geosciences", "abbreviation": "Geosciences (BS)", "minimum_credit_hours": "120", "subtype": "major", "requirements": [{"type": "collection", "name": "II. Major Requirements: 62-75 semester credit hours", "required": 34, "options": [{"type": "other", "description": "Prerequisite courses to be completed before enrolling in upper-division GEOS courses."}, {"name": "Choose one", "type": "collection", "required": 2, "courses": [{"type": "course", "class_reference": "CHEM 1111"}, {"type": "course", "class_reference": "CHEM 1115"}]}, {"name": "Choose one", "type": "collection", "required": 2, "courses": [{"type": "course", "class_reference": "CHEM 1112"}, {"type": "course", "class_reference": "CHEM 1116"}]}, {"name": "Choose one", "type": "collection", "required": 2, "courses": [{"type": "course", "class_reference": "CHEM 1311"}, {"type": "course", "class_reference": "CHEM 1315"}]}, {"name": "Choose one", "type": "collection", "required": 2, "courses": [{"type": "course", "class_reference": "CHEM 1312"}, {"type": "course", "class_reference": "CHEM 1316"}]}, {"type": "course", "class_reference": "GEOS 1303"}, {"type": "course", "class_reference": "GEOS 1304"}, {"type": "course", "class_reference": "GEOS 1103"}, {"type": "course", "class_reference": "GEOS 1104"}, {"type": "course", "class_reference": "GEOS 2409"}, {"name": "Choose one", "type": "collection", "required": 2, "courses": [{"type": "course", "class_reference": "MATH 2413"}, {"type": "course", "class_reference": "MATH 2417"}]}, {"name": "Choose one", "type": "collection", "required": 2, "courses": [{"type": "course", "class_reference": "MATH 2414"}, {"type": "course", "class_reference": "MATH 2419"}]}, {"name": "Choose one", "type": "collection", "required": 2, "courses": [{"type": "course", "class_reference": "PHYS 2325"}, {"type": "course", "class_reference": "PHYS 2421"}]}, {"name": "Choose one", "type": "collection", "required": 2, "courses": [{"type": "course", "class_reference": "PHYS 2326"}, {"type": "course", "class_reference": "PHYS 2422"}]}, {"type": "course", "class_reference": "PHYS 2126"}, {"type": "course", "class_reference": "GEOS 2306"}, {"type": "course", "class_reference": "GEOS 3300"}, {"type": "course", "class_reference": "GEOS 3421"}, {"type": "course", "class_reference": "GEOS 3464"}, {"type": "course", "class_reference": "GEOS 3470"}, {"type": "course", "class_reference": "GEOS 4300"}, {"type": "course", "class_reference": "GEOS 4320"}, {"type": "course", "class_reference": "GEOS 4390"}, {"type": "course", "class_reference": "GEOS 3434"}, {"type": "course", "class_reference": "GEOS 4322"}, {"type": "course", "class_reference": "GEOS 4430"}, {"name": "And select one mathematics course from the following:", "type": "collection", "required": 1, "courses": [{"type": "course", "class_reference": "MATH 2415"}, {"type": "course", "class_reference": "MATH 2418"}, {"type": "course", "class_reference": "MATH 3351"}, {"type": "course", "class_reference": "PHYS 3330"}]}, {"type": "course", "class_reference": "MATH 2418"}, {"type": "course", "class_reference": "MATH 2420"}, {"type": "course", "class_reference": "MATH 3351"}, {"type": "course", "class_reference": "MATH 4362"}, {"type": "course", "class_reference": "PHYS 3411"}, {"type": "course", "class_reference": "PHYS 3312"}, {"type": "course", "class_reference": "PHYS 3416"}]}]}