{"name": "Bachelor of Arts in Sociology", "abbreviation": "Sociology (BA)", "minimum_credit_hours": "120", "subtype": "major", "requirements": [{"type": "collection", "name": "II. Major Requirements: 48 semester credit hours", "required": 12, "options": [{"name": "Choose one", "type": "collection", "required": 2, "courses": [{"type": "course", "class_reference": "ECON 2301"}, {"type": "course", "class_reference": "ECON 2302"}]}, {"type": "course", "class_reference": "EPPS 2301"}, {"type": "course", "class_reference": "EPPS 2302"}, {"type": "course", "class_reference": "SOC 1301"}, {"type": "course", "class_reference": "SOC 3303"}, {"type": "course", "class_reference": "SOC 3305"}, {"type": "course", "class_reference": "SOC 3381"}, {"type": "course", "class_reference": "SOC 4302"}, {"type": "course", "class_reference": "SOC 4306"}, {"name": "Choose one course from the following:", "type": "collection", "required": 1, "courses": [{"type": "course", "class_reference": "SOC 4385"}, {"type": "course", "class_reference": "SOC 4388"}]}, {"type": "other", "required": 0, "description": "18 semester credit hours of upper-division Sociology courses"}, {"type": "other", "required": 0, "description": "9 semester credit hours Major and Related electives5"}]}]}