{"name": "Bachelor of Science in Geospatial Information Sciences", "abbreviation": "Geospatial Information Sciences (BS)", "minimum_credit_hours": "120", "subtype": "major", "requirements": [{"type": "collection", "name": "II. Major Requirements: 39 semester credit hours", "required": 21, "options": [{"type": "course", "class_reference": "ENVR 2302"}, {"type": "course", "class_reference": "GEOG 2303"}, {"type": "course", "class_reference": "GEOG 3370"}, {"type": "course", "class_reference": "GEOG 3377"}, {"type": "course", "class_reference": "MATH 1325"}, {"type": "course", "class_reference": "GISC 2305"}, {"type": "course", "class_reference": "GISC 3304"}, {"type": "course", "class_reference": "GISC 4381"}, {"type": "course", "class_reference": "GISC 4325"}, {"type": "course", "class_reference": "GISC 4382"}, {"type": "course", "class_reference": "GISC 4386"}, {"type": "course", "class_reference": "GEOG 3331"}, {"type": "course", "class_reference": "GEOG 3357"}, {"type": "course", "class_reference": "GEOG 3359"}, {"type": "course", "class_reference": "GEOG 3372"}, {"type": "course", "class_reference": "GEOG 3382"}, {"type": "course", "class_reference": "GISC 4317"}, {"type": "course", "class_reference": "GISC 4326"}, {"type": "course", "class_reference": "GISC 4363"}, {"type": "course", "class_reference": "GISC 4384"}, {"type": "course", "class_reference": "GISC 4385"}]}]}