{"name": "Bachelor of Science in International Political Economy", "abbreviation": null, "minimum_credit_hours": "120", "subtype": "major", "requirements": [{"type": "collection", "name": "II. Major Requirements: 60 semester credit hours", "required": 7, "options": [{"type": "course", "class_reference": "ECON 2301"}, {"type": "course", "class_reference": "ECON 2302"}, {"type": "course", "class_reference": "EPPS 2302"}, {"name": "Choose four courses from the following:", "type": "collection", "required": 0, "courses": [{"type": "course", "class_reference": "GEOG 3370"}, {"type": "course", "class_reference": "IPEC 3349"}, {"type": "course", "class_reference": "IPEC 4301"}, {"type": "course", "class_reference": "IPEC 4302"}, {"type": "course", "class_reference": "IPEC 4377"}, {"type": "course", "class_reference": "PSCI 4329"}, {"type": "course", "class_reference": "PSCI 4356"}, {"type": "course", "class_reference": "PSCI 4360"}]}, {"type": "other", "required": 0, "description": "All students are required to take at least twenty-four semester credit hours of approved courses. See the Program Head or undergraduate advisor for the up to date list."}, {"type": "other", "required": 0, "description": "This requirement may be satisfied with upper-division courses from any given geographic area within IPEC and related fields of study. See the Program Head or undergraduate advisor for the up to date list."}, {"type": "other", "required": 0, "description": "The language requirement is 12 semester credit hours of the same language. Students can petition the Program Head for exceptions. If the language credit is obtained without taking classes, twelve additional semester credit hours of Free Electives (upper-division or lower-division) can be taken by student."}]}]}